product_id,rank,product_name,discounted_price,rating,review_count,about_product,image_url,product_link,clean_product_id,category,price,rating_value,review_count_value,data_source,processed_at
/Blink-Plus-Plan-monthly-auto-renewal/dp/B08JHCVHTY/ref=zg_bs_g_electronics_d_sccl_1/133-6693388-9747468?psc=1,#1,Blink Subscription Plus Plan with monthly auto-renewal,$10.00,4.4 out of 5 stars,"248,980","248,980","https://images-na.ssl-images-amazon.com/images/I/316iIKOVz7L._AC_UL600_SR600,400_.png",/Blink-Plus-Plan-monthly-auto-renewal/dp/B08JHCVHTY/ref=zg_bs_g_electronics_d_sccl_1/133-6693388-9747468?psc=1,B08JHCVHTY,Electronics,10.0,4.4,248980.0,bestsellers,2025-05-17 16:28:38
/Apple-MX532LL-A-AirTag/dp/B0CWXNS552/ref=zg_bs_g_electronics_d_sccl_2/133-6693388-9747468?psc=1,#2,Apple AirTag,$24.20,4.6 out of 5 stars,"29,409","29,409","https://images-na.ssl-images-amazon.com/images/I/71rP7f78eFL._AC_UL600_SR600,400_.jpg",/Apple-MX532LL-A-AirTag/dp/B0CWXNS552/ref=zg_bs_g_electronics_d_sccl_2/133-6693388-9747468?psc=1,B0CWXNS552,Electronics,24.2,4.6,29409.0,bestsellers,2025-05-17 16:28:38
/Apple-Cancellation-Transparency-Personalized-High-Fidelity/dp/B0D1XD1ZV3/ref=zg_bs_g_electronics_d_sccl_3/133-6693388-9747468?psc=1,#3,"Apple AirPods Pro 2 Wireless Earbuds, Active Noise Cancellation, Hearing Aid Feature, Bluetooth Headphones, Transparency, Personalized Spatial Audio, High-Fidelity Sound, H2 Chip, USB-C Charging",$186.67,4.6 out of 5 stars,"27,113","27,113","https://images-na.ssl-images-amazon.com/images/I/61SUj2aKoEL._AC_UL600_SR600,400_.jpg",/Apple-Cancellation-Transparency-Personalized-High-Fidelity/dp/B0D1XD1ZV3/ref=zg_bs_g_electronics_d_sccl_3/133-6693388-9747468?psc=1,B0D1XD1ZV3,Electronics,186.67,4.6,27113.0,bestsellers,2025-05-17 16:28:38
/amazon-fire-tv-stick-hd/dp/B0CQMRKRV5/ref=zg_bs_g_electronics_d_sccl_4/133-6693388-9747468?psc=1,#4,"Amazon Fire TV Stick HD (newest model), free and live TV, Alexa Voice Remote, smart home controls, HD streaming",$34.99,4.6 out of 5 stars,"16,329","16,329","https://images-na.ssl-images-amazon.com/images/I/51GHEdUznQL._AC_UL600_SR600,400_.jpg",/amazon-fire-tv-stick-hd/dp/B0CQMRKRV5/ref=zg_bs_g_electronics_d_sccl_4/133-6693388-9747468?psc=1,B0CQMRKRV5,Electronics,34.99,4.6,16329.0,bestsellers,2025-05-17 16:28:38
/Apple-MX542LL-A-AirTag-Pack/dp/B0D54JZTHY/ref=zg_bs_g_electronics_d_sccl_5/133-6693388-9747468?psc=1,#5,Apple AirTag 4 Pack,$77.53,4.7 out of 5 stars,"21,374","21,374","https://images-na.ssl-images-amazon.com/images/I/61bMNCeAUAL._AC_UL300_SR300,200_.jpg",/Apple-MX542LL-A-AirTag-Pack/dp/B0D54JZTHY/ref=zg_bs_g_electronics_d_sccl_5/133-6693388-9747468?psc=1,B0D54JZTHY,Electronics,77.53,4.7,21374.0,bestsellers,2025-05-17 16:28:38
/Apple-Bluetooth-Headphones-Personalized-Effortless/dp/B0DGHMNQ5Z/ref=zg_bs_g_electronics_d_sccl_6/133-6693388-9747468?psc=1,#6,"Apple AirPods 4 Wireless Earbuds, Bluetooth Headphones, Personalized Spatial Audio, Sweat and Water Resistant, USB-C Charging Case, H2 Chip, Up to 30 Hours of Battery Life, Effortless Setup for iPhone",$142.99,4.4 out of 5 stars,"7,961","7,961","https://images-na.ssl-images-amazon.com/images/I/61iBtxCUabL._AC_UL300_SR300,200_.jpg",/Apple-Bluetooth-Headphones-Personalized-Effortless/dp/B0DGHMNQ5Z/ref=zg_bs_g_electronics_d_sccl_6/133-6693388-9747468?psc=1,B0DGHMNQ5Z,Electronics,142.99,4.4,7961.0,bestsellers,2025-05-17 16:28:38
/Amazon-Fire-TV-Stick-4K-streaming-device/dp/B0CJM1GNFQ/ref=zg_bs_g_electronics_d_sccl_7/133-6693388-9747468?psc=1,#7,"Amazon Fire TV Stick 4K (newest model) with AI-powered Fire TV Search, Wi-Fi 6, stream over 1.5 million movies and shows, free & live TV",$39.99,4.7 out of 5 stars,"66,816","66,816","https://images-na.ssl-images-amazon.com/images/I/51AIvaX964L._AC_UL300_SR300,200_.jpg",/Amazon-Fire-TV-Stick-4K-streaming-device/dp/B0CJM1GNFQ/ref=zg_bs_g_electronics_d_sccl_7/133-6693388-9747468?psc=1,B0CJM1GNFQ,Electronics,39.99,4.7,66816.0,bestsellers,2025-05-17 16:28:38
/all-new-amazon-fire-tv-stick-4k-max/dp/B0BP9SNVH9/ref=zg_bs_g_electronics_d_sccl_8/133-6693388-9747468?psc=1,#8,"Amazon Fire TV Stick 4K Max streaming device (newest model) supports Wi-Fi 6E, free & live TV without cable or satellite",$59.99,4.6 out of 5 stars,"52,424","52,424","https://images-na.ssl-images-amazon.com/images/I/51ZvnM5sALL._AC_UL300_SR300,200_.jpg",/all-new-amazon-fire-tv-stick-4k-max/dp/B0BP9SNVH9/ref=zg_bs_g_electronics_d_sccl_8/133-6693388-9747468?psc=1,B0BP9SNVH9,Electronics,59.99,4.6,52424.0,bestsellers,2025-05-17 16:28:38
/Apple-EarPods-Headphones-Built-Control/dp/B0DCH8VDXF/ref=zg_bs_g_electronics_d_sccl_9/133-6693388-9747468?psc=1,#9,"Apple EarPods Headphones with USB-C Plug, Wired Ear Buds with Built-in Remote to Control Music, Phone Calls, and Volume",$17.76,4.6 out of 5 stars,"9,779","9,779","https://images-na.ssl-images-amazon.com/images/I/513OSdW4elL._AC_UL300_SR300,200_.jpg",/Apple-EarPods-Headphones-Built-Control/dp/B0DCH8VDXF/ref=zg_bs_g_electronics_d_sccl_9/133-6693388-9747468?psc=1,B0DCH8VDXF,Electronics,17.76,4.6,9779.0,bestsellers,2025-05-17 16:28:38
/Apple-EarPods-Headphones-Lightning-Connector/dp/B0D7FVQ1ZB/ref=zg_bs_g_electronics_d_sccl_10/133-6693388-9747468?psc=1,#10,"Apple EarPods Headphones with Lightning Connector, Wired Ear Buds for iPhone with Built-in Remote to Control Music, Phone Calls, and Volume",$15.96,4.6 out of 5 stars,"9,779","9,779","https://images-na.ssl-images-amazon.com/images/I/317eB4+yU6L._AC_UL300_SR300,200_.jpg",/Apple-EarPods-Headphones-Lightning-Connector/dp/B0D7FVQ1ZB/ref=zg_bs_g_electronics_d_sccl_10/133-6693388-9747468?psc=1,B0D7FVQ1ZB,Electronics,15.96,4.6,9779.0,bestsellers,2025-05-17 16:28:38
/Surge-Protector-Power-Strip-Extension/dp/B09PDLBFKY/ref=zg_bs_g_electronics_d_sccl_11/133-6693388-9747468?psc=1,#11,"6 Ft Surge Protector Power Strip - 8 Widely Outlets with 4 USB Ports, 3 Side Outlet Extender with 6 Feet Extension Cord, Flat Plug, Wall Mount, Desk USB Charging Station, ETL,White",$12.49,4.6 out of 5 stars,"34,803","34,803","https://images-na.ssl-images-amazon.com/images/I/61NGPmmMAIL._AC_UL300_SR300,200_.jpg",/Surge-Protector-Power-Strip-Extension/dp/B09PDLBFKY/ref=zg_bs_g_electronics_d_sccl_11/133-6693388-9747468?psc=1,B09PDLBFKY,Electronics,12.49,4.6,34803.0,bestsellers,2025-05-17 16:28:38
/JBL-Vibe-Beam-Wireless-Headphones/dp/B0BQPNMXQV/ref=zg_bs_g_electronics_d_sccl_12/133-6693388-9747468?psc=1,#12,"JBL Vibe Beam - True Wireless JBL Deep Bass Sound Earbuds, Bluetooth 5.2, Water & Dust Resistant, Hands-free call with VoiceAware, Up to 32 hours of battery life (Black)",$39.95,4.3 out of 5 stars,"21,908","21,908","https://images-na.ssl-images-amazon.com/images/I/41+1Csr1pSL._AC_UL300_SR300,200_.jpg",/JBL-Vibe-Beam-Wireless-Headphones/dp/B0BQPNMXQV/ref=zg_bs_g_electronics_d_sccl_12/133-6693388-9747468?psc=1,B0BQPNMXQV,Electronics,39.95,4.3,21908.0,bestsellers,2025-05-17 16:28:38
/Apple-Headphones-Cancellation-Transparency-Personalized/dp/B0DGJ7HYG1/ref=zg_bs_g_electronics_d_sccl_13/133-6693388-9747468?psc=1,#13,"Apple AirPods 4 Wireless Earbuds, Bluetooth Headphones, with Active Noise Cancellation, Adaptive Audio, Transparency Mode, Personalized Spatial Audio, USB-C Charging Case, Wireless Charging, H2 Chip",$166.95,4.5 out of 5 stars,"5,238","5,238","https://images-na.ssl-images-amazon.com/images/I/61iBtxCUabL._AC_UL300_SR300,200_.jpg",/Apple-Headphones-Cancellation-Transparency-Personalized/dp/B0DGJ7HYG1/ref=zg_bs_g_electronics_d_sccl_13/133-6693388-9747468?psc=1,B0DGJ7HYG1,Electronics,166.95,4.5,5238.0,bestsellers,2025-05-17 16:28:38
/Roku-Express-Streaming-Wireless-Controls/dp/B0916TKFF2/ref=zg_bs_g_electronics_d_sccl_14/133-6693388-9747468?psc=1,#14,"Roku Express 4K+ | Roku Streaming Device 4K/HDR with Voice Remote, Free & Live TV",$27.95,4.7 out of 5 stars,"94,574","94,574","https://images-na.ssl-images-amazon.com/images/I/7108AbztVsL._AC_UL300_SR300,200_.jpg",/Roku-Express-Streaming-Wireless-Controls/dp/B0916TKFF2/ref=zg_bs_g_electronics_d_sccl_14/133-6693388-9747468?psc=1,B0916TKFF2,Electronics,27.95,4.7,94574.0,bestsellers,2025-05-17 16:28:38
/Charger-Protector-QINLIANF-Extender-Charging/dp/B08R6S1M1K/ref=zg_bs_g_electronics_d_sccl_15/133-6693388-9747468?psc=1,#15,"Wall Charger, Surge Protector, QINLIANF 5 Outlet Extender with 4 USB Charging Ports (4.8A Total) 3-Sided 1680J Power Strip Multi Plug Adapter Spaced for Home Travel Office (3U1C)",$10.31,4.7 out of 5 stars,"96,714","96,714","https://images-na.ssl-images-amazon.com/images/I/61Hh-YlfJOL._AC_UL300_SR300,200_.jpg",/Charger-Protector-QINLIANF-Extender-Charging/dp/B08R6S1M1K/ref=zg_bs_g_electronics_d_sccl_15/133-6693388-9747468?psc=1,B08R6S1M1K,Electronics,10.31,4.7,96714.0,bestsellers,2025-05-17 16:28:38
/Replaced-Control-Compatible-Westinghouse-Insignia/dp/B09Z6Q2MLC/ref=zg_bs_g_electronics_d_sccl_16/133-6693388-9747468?psc=1,#16,"(Pack of 2) Replacement-Remote-Control for Roku-TV,Compatible for TCL Roku/Hisense Roku/Onn Roku/Philips Roku Smart TVs(Not for Roku Stick and Box)",$9.98,4.5 out of 5 stars,"41,729","41,729","https://images-na.ssl-images-amazon.com/images/I/71Z6Vs6+hDL._AC_UL300_SR300,200_.jpg",/Replaced-Control-Compatible-Westinghouse-Insignia/dp/B09Z6Q2MLC/ref=zg_bs_g_electronics_d_sccl_16/133-6693388-9747468?psc=1,B09Z6Q2MLC,Electronics,9.98,4.5,41729.0,bestsellers,2025-05-17 16:28:38
/Apple-Watch-Smartwatch-Aluminium-Always/dp/B0DGHYQ1VJ/ref=zg_bs_g_electronics_d_sccl_17/133-6693388-9747468?psc=1,#17,"Apple Watch Series 10 [GPS 42mm case] Smartwatch with Rose Gold Aluminium Case with Light Blush Sport Band - S/M. Fitness Tracker, ECG App, Always-On Retina Display, Water Resistant",$291.01,4.7 out of 5 stars,"5,168","5,168","https://images-na.ssl-images-amazon.com/images/I/61Z8y0y2b0L._AC_UL300_SR300,200_.jpg",/Apple-Watch-Smartwatch-Aluminium-Always/dp/B0DGHYQ1VJ/ref=zg_bs_g_electronics_d_sccl_17/133-6693388-9747468?psc=1,B0DGHYQ1VJ,Electronics,291.01,4.7,5168.0,bestsellers,2025-05-17 16:28:38
/Roku-Streaming-Device-Vision-Controls/dp/B09BKCDXZC/ref=zg_bs_g_electronics_d_sccl_18/133-6693388-9747468?psc=1,#18,Roku Streaming Stick 4K - HDR & Dolby Vision Roku Streaming Device for TV with Voice Remote & Long-Range Wi-Fi - Free & Live TV,$45.99,4.7 out of 5 stars,"91,208","91,208","https://images-na.ssl-images-amazon.com/images/I/81xr+BrYBwL._AC_UL300_SR300,200_.jpg",/Roku-Streaming-Device-Vision-Controls/dp/B09BKCDXZC/ref=zg_bs_g_electronics_d_sccl_18/133-6693388-9747468?psc=1,B09BKCDXZC,Electronics,45.99,4.7,91208.0,bestsellers,2025-05-17 16:28:38
/All-new-Amazon-Kindle-Paperwhite-glare-free/dp/B0CFPJYX7P/ref=zg_bs_g_electronics_d_sccl_19/133-6693388-9747468?psc=1,#19,"All-new Amazon Kindle Paperwhite (16 GB) – Our fastest Kindle ever, with new 7"" glare-free display and weeks of battery life – Black",$159.99,4.6 out of 5 stars,"6,351","6,351","https://images-na.ssl-images-amazon.com/images/I/61MdbBO+SEL._AC_UL300_SR300,200_.jpg",/All-new-Amazon-Kindle-Paperwhite-glare-free/dp/B0CFPJYX7P/ref=zg_bs_g_electronics_d_sccl_19/133-6693388-9747468?psc=1,B0CFPJYX7P,Electronics,159.99,4.6,6351.0,bestsellers,2025-05-17 16:28:38
/Mounting-Dream-Bracket-Articulating-400x400mm/dp/B00SFSU53G/ref=zg_bs_g_electronics_d_sccl_20/133-6693388-9747468?psc=1,#20,"Mounting Dream TV Wall Mount for 32-65 Inch Television,Mount with Swivel and Tilt, Full Motion Bracket with Articulating Dual Arms, Fits 16inch Studs, Max VESA 400X400 mm, 99lbs, MD2380",$39.98,4.8 out of 5 stars,"42,899","42,899","https://images-na.ssl-images-amazon.com/images/I/61da4dQI-hL._AC_UL300_SR300,200_.jpg",/Mounting-Dream-Bracket-Articulating-400x400mm/dp/B00SFSU53G/ref=zg_bs_g_electronics_d_sccl_20/133-6693388-9747468?psc=1,B00SFSU53G,Electronics,39.98,4.8,42899.0,bestsellers,2025-05-17 16:28:38
/Assorted-Sizes-12-Resistant-ANOSON/dp/B0C2Z4L3S6/ref=zg_bs_g_electronics_d_sccl_21/133-6693388-9747468?psc=1,#21,"Zip Ties Assorted Sizes(4”+6”+8”+12”), 400 Pack, Black Cable Ties, UV Resistant Wire Ties by ANOSON",$5.98,4.6 out of 5 stars,"7,822","7,822","https://images-na.ssl-images-amazon.com/images/I/81RPjE2FmgL._AC_UL300_SR300,200_.jpg",/Assorted-Sizes-12-Resistant-ANOSON/dp/B0C2Z4L3S6/ref=zg_bs_g_electronics_d_sccl_21/133-6693388-9747468?psc=1,B0C2Z4L3S6,Electronics,5.98,4.6,7822.0,bestsellers,2025-05-17 16:28:38
/Surge-Protector-Power-Strip-Extension/dp/B092J8LPWR/ref=zg_bs_g_electronics_d_sccl_22/133-6693388-9747468?psc=1,#22,"Surge Protector Power Strip - HANYCONY 8 Outlets 4 USB (2 USB C) Charging Ports, Multi Plug Outlet Extender, 5Ft Braided Extension Cord, Flat Plug Wall Mount Desk Charging Station for Home Office ETL",$9.99,4.8 out of 5 stars,"53,777","53,777","https://images-na.ssl-images-amazon.com/images/I/61q9hmplGFL._AC_UL300_SR300,200_.jpg",/Surge-Protector-Power-Strip-Extension/dp/B092J8LPWR/ref=zg_bs_g_electronics_d_sccl_22/133-6693388-9747468?psc=1,B092J8LPWR,Electronics,9.99,4.8,53777.0,bestsellers,2025-05-17 16:28:38
/JBL-Tune-510BT-Ear-Headphones/dp/B08WM3LMJF/ref=zg_bs_g_electronics_d_sccl_23/133-6693388-9747468?psc=1,#23,"JBL Tune 510BT - Bluetooth headphones with up to 40 hours battery, microphone for call, foldable and comfortable, Android and iOs compatible (Black)",$29.95,4.5 out of 5 stars,"75,916","75,916","https://images-na.ssl-images-amazon.com/images/I/61kFL7ywsZS._AC_UL300_SR300,200_.jpg",/JBL-Tune-510BT-Ear-Headphones/dp/B08WM3LMJF/ref=zg_bs_g_electronics_d_sccl_23/133-6693388-9747468?psc=1,B08WM3LMJF,Electronics,29.95,4.5,75916.0,bestsellers,2025-05-17 16:28:38
/Anker-Soundcore-Bluetooth-Exclusive-Water-Resistant/dp/B01MTB55WH/ref=zg_bs_g_electronics_d_sccl_24/133-6693388-9747468?psc=1,#24,"Anker Soundcore 2 Portable Bluetooth Speaker with IPX7 Waterproof, 24-Hour Playtime, Wireless Stereo Pairing, 12W Stereo Sound, Bluetooth 5, Bassup, Electronics for Home, Shower, Outdoors, Travel",$29.44,4.6 out of 5 stars,"132,045","132,045","https://images-na.ssl-images-amazon.com/images/I/614l20nEhmL._AC_UL300_SR300,200_.jpg",/Anker-Soundcore-Bluetooth-Exclusive-Water-Resistant/dp/B01MTB55WH/ref=zg_bs_g_electronics_d_sccl_24/133-6693388-9747468?psc=1,B01MTB55WH,Electronics,29.44,4.6,132045.0,bestsellers,2025-05-17 16:28:38
/REDTIGER-Camera-Included-170%C2%B0Wide-Parking/dp/B098WVKF19/ref=zg_bs_g_electronics_d_sccl_25/133-6693388-9747468?psc=1,#25,"REDTIGER Dash Cam Front Rear, 4K/2.5K Full HD Dash Camera for Cars, Included 32GB Card, Built-in Wi-Fi GPS, 3.16” IPS Screen, Night Vision, 170°Wide Angle, WDR, 24H Parking Mode(F7NP)",$89.99,4.3 out of 5 stars,"15,533","15,533","https://images-na.ssl-images-amazon.com/images/I/71hLmfRBteL._AC_UL300_SR300,200_.jpg",/REDTIGER-Camera-Included-170%C2%B0Wide-Parking/dp/B098WVKF19/ref=zg_bs_g_electronics_d_sccl_25/133-6693388-9747468?psc=1,B098WVKF19,Electronics,89.99,4.3,15533.0,bestsellers,2025-05-17 16:28:38
/A1/dp/B09FT58QQP/ref=zg_bs_g_electronics_d_sccl_26/133-6693388-9747468?psc=1,#26,"TOZO A1 Wireless Earbuds Bluetooth 5.3 Light Weight in Ear IPX5 Waterproof Headphones 2 Mic for AI Calls, Immersive Premium Sound Bass Headset with Charging Case, 32 Presets EQ Customization via App",$12.98,4.3 out of 5 stars,"84,630","84,630","https://images-na.ssl-images-amazon.com/images/I/71Ilitn6B+L._AC_UL300_SR300,200_.jpg",/A1/dp/B09FT58QQP/ref=zg_bs_g_electronics_d_sccl_26/133-6693388-9747468?psc=1,B09FT58QQP,Electronics,12.98,4.3,84630.0,bestsellers,2025-05-17 16:28:38
/Blink-Outdoor-4th-Gen-3-Camera/dp/B0B1N5FK48/ref=zg_bs_g_electronics_d_sccl_27/133-6693388-9747468?psc=1,#27,"Blink Outdoor 4 (newest model),Wireless smart security camera, two-year battery, 1080p HD day and infrared night live view, two-way talk – 3 camera system",$129.99,4.2 out of 5 stars,"40,774","40,774","https://images-na.ssl-images-amazon.com/images/I/41PtM0usvoL._AC_UL300_SR300,200_.jpg",/Blink-Outdoor-4th-Gen-3-Camera/dp/B0B1N5FK48/ref=zg_bs_g_electronics_d_sccl_27/133-6693388-9747468?psc=1,B0B1N5FK48,Electronics,129.99,4.2,40774.0,bestsellers,2025-05-17 16:28:38
/Amazon-vibrant-helpful-routines-Charcoal/dp/B09B8V1LZ3/ref=zg_bs_g_electronics_d_sccl_28/133-6693388-9747468?psc=1,#28,"Amazon Echo Dot (newest model), Vibrant sounding Alexa speaker, Great for bedrooms, dining rooms and offices, Charcoal",$34.08,4.6 out of 5 stars,"156,097","156,097","https://images-na.ssl-images-amazon.com/images/I/710exCeNPJL._AC_UL300_SR300,200_.jpg",/Amazon-vibrant-helpful-routines-Charcoal/dp/B09B8V1LZ3/ref=zg_bs_g_electronics_d_sccl_28/133-6693388-9747468?psc=1,B09B8V1LZ3,Electronics,34.08,4.6,156097.0,bestsellers,2025-05-17 16:28:38
/ROVE-R2-4K-DUAL-STARVIS-Included/dp/B0D6J5B98H/ref=zg_bs_g_electronics_d_sccl_29/133-6693388-9747468?psc=1,#29,"ROVE R2-4K DUAL Dash Cam Front and Rear, STARVIS 2 Sensor, FREE 128GB Card Included, 5G WiFi - up to 20MB/s Fastest Download Speed with App, 4K 2160P/FHD Dash Camera for Cars, 3"" IPS, 24H Parking Mode",$89.99,4.5 out of 5 stars,"3,441","3,441","https://images-na.ssl-images-amazon.com/images/I/81gIn+MXtyL._AC_UL300_SR300,200_.jpg",/ROVE-R2-4K-DUAL-STARVIS-Included/dp/B0D6J5B98H/ref=zg_bs_g_electronics_d_sccl_29/133-6693388-9747468?psc=1,B0D6J5B98H,Electronics,89.99,4.5,3441.0,bestsellers,2025-05-17 16:28:38
/Anker-Display-MacBook-Thinkpad-Laptops/dp/B0BQLLB61B/ref=zg_bs_g_electronics_d_sccl_30/133-6693388-9747468?psc=1,#30,"Anker USB C Hub, 5-in-1 USBC to HDMI Splitter with 4K Display, 1 x Powered USB-C 5Gbps & 2×Powered USB-A 3.0 5Gbps Data Ports for MacBook Pro, MacBook Air, Dell and More",$19.79,4.4 out of 5 stars,"11,778","11,778","https://images-na.ssl-images-amazon.com/images/I/615HRY2dnML._AC_UL300_SR300,200_.jpg",/Anker-Display-MacBook-Thinkpad-Laptops/dp/B0BQLLB61B/ref=zg_bs_g_electronics_d_sccl_30/133-6693388-9747468?psc=1,B0BQLLB61B,Electronics,19.79,4.4,11778.0,bestsellers,2025-05-17 16:28:38
/Let-Them-Theory-Life-Changing-Millions/dp/1401971369/ref=zg_bs_g_books_d_sccl_1/133-6693388-9747468?psc=1,#1,The Let Them Theory: A Life-Changing Tool That Millions of People Can't Stop Talking About,$14.95,4.6 out of 5 stars,Mel Robbins,"15,887","https://images-na.ssl-images-amazon.com/images/I/91ZVf3kNrcL._AC_UL600_SR600,400_.jpg",/Let-Them-Theory-Life-Changing-Millions/dp/1401971369/ref=zg_bs_g_books_d_sccl_1/133-6693388-9747468?psc=1,1401971369,Books,14.95,4.6,,bestsellers,2025-05-17 16:28:38
/Oh-Places-Youll-Dr-Seuss/dp/0679805273/ref=zg_bs_g_books_d_sccl_2/133-6693388-9747468?psc=1,#2,"Oh, the Places You'll Go!",$8.48,4.9 out of 5 stars,Dr. Seuss,"52,284","https://images-na.ssl-images-amazon.com/images/I/7186aAI6FFL._AC_UL600_SR600,400_.jpg",/Oh-Places-Youll-Dr-Seuss/dp/0679805273/ref=zg_bs_g_books_d_sccl_2/133-6693388-9747468?psc=1,0679805273,Books,8.48,4.9,,bestsellers,2025-05-17 16:28:38
/Mom-Want-Hear-Your-Story/dp/1081439793/ref=zg_bs_g_books_d_sccl_3/133-6693388-9747468?psc=1,#3,"Mom, I Want to Hear Your Story: A Mother’s Guided Journal To Share Her Life & Her Love (Hear Your Story Books)",$11.95,4.7 out of 5 stars,Jeffrey Mason,"16,664","https://images-na.ssl-images-amazon.com/images/I/71sOqrd6JHL._AC_UL600_SR600,400_.jpg",/Mom-Want-Hear-Your-Story/dp/1081439793/ref=zg_bs_g_books_d_sccl_3/133-6693388-9747468?psc=1,1081439793,Books,11.95,4.7,,bestsellers,2025-05-17 16:28:38
/Sunrise-Reaping-Hunger-Games-Novel/dp/1546171460/ref=zg_bs_g_books_d_sccl_4/133-6693388-9747468?psc=1,#4,Sunrise on the Reaping (A Hunger Games Novel) (The Hunger Games),$20.34,4.7 out of 5 stars,Suzanne Collins,"46,746","https://images-na.ssl-images-amazon.com/images/I/61o5Q8IIq4L._AC_UL600_SR600,400_.jpg",/Sunrise-Reaping-Hunger-Games-Novel/dp/1546171460/ref=zg_bs_g_books_d_sccl_4/133-6693388-9747468?psc=1,1546171460,Books,20.34,4.7,,bestsellers,2025-05-17 16:28:38
/Original-Sin-President-Cover-Up-Disastrous/dp/B0DTYKCJC9/ref=zg_bs_g_books_d_sccl_5/133-6693388-9747468?psc=1,#5,"Original Sin: President Biden's Decline, Its Cover-Up, and His Disastrous Choice to Run Again",$27.00,,Jake Tapper,Hardcover,"https://images-na.ssl-images-amazon.com/images/I/81rqldPxduL._AC_UL600_SR600,400_.jpg",/Original-Sin-President-Cover-Up-Disastrous/dp/B0DTYKCJC9/ref=zg_bs_g_books_d_sccl_5/133-6693388-9747468?psc=1,B0DTYKCJC9,Books,27.0,,,bestsellers,2025-05-17 16:28:38
/Emperor-Gladness-Novel-Ocean-Vuong/dp/059383187X/ref=zg_bs_g_books_d_sccl_6/133-6693388-9747468?psc=1,#6,The Emperor of Gladness: Oprah's Book Club: A Novel,$22.87,4.8 out of 5 stars,Ocean Vuong,8,"https://images-na.ssl-images-amazon.com/images/I/71EzqzMiadL._AC_UL600_SR600,400_.jpg",/Emperor-Gladness-Novel-Ocean-Vuong/dp/059383187X/ref=zg_bs_g_books_d_sccl_6/133-6693388-9747468?psc=1,059383187X,Books,22.87,4.8,,bestsellers,2025-05-17 16:28:38
/Tenant-Freida-McFadden/dp/1464227314/ref=zg_bs_g_books_d_sccl_7/133-6693388-9747468?psc=1,#7,The Tenant,$13.93,4.2 out of 5 stars,Freida McFadden,"20,946","https://images-na.ssl-images-amazon.com/images/I/71aOvZBV1cL._AC_UL600_SR600,400_.jpg",/Tenant-Freida-McFadden/dp/1464227314/ref=zg_bs_g_books_d_sccl_7/133-6693388-9747468?psc=1,1464227314,Books,13.93,4.2,,bestsellers,2025-05-17 16:28:38
/Forgotten-Home-Apothecary-Powerful-Fingertips/dp/B0DJQVYV99/ref=zg_bs_g_books_d_sccl_8/133-6693388-9747468?psc=1,#8,Forgotten Home Apothecary : 250 Powerful Remedies at Your Fingertips,$45.00,4.7 out of 5 stars,Dr. Nicole Apelian,"5,893","https://images-na.ssl-images-amazon.com/images/I/81+efMYN9wL._AC_UL600_SR600,400_.jpg",/Forgotten-Home-Apothecary-Powerful-Fingertips/dp/B0DJQVYV99/ref=zg_bs_g_books_d_sccl_8/133-6693388-9747468?psc=1,B0DJQVYV99,Books,45.0,4.7,,bestsellers,2025-05-17 16:28:38
/Atomic-Habits-Proven-Build-Break/dp/0735211299/ref=zg_bs_g_books_d_sccl_9/133-6693388-9747468?psc=1,#9,Atomic Habits: An Easy & Proven Way to Build Good Habits & Break Bad Ones,$14.20,4.8 out of 5 stars,James Clear,"140,263","https://images-na.ssl-images-amazon.com/images/I/81ANaVZk5LL._AC_UL300_SR300,200_.jpg",/Atomic-Habits-Proven-Build-Break/dp/0735211299/ref=zg_bs_g_books_d_sccl_9/133-6693388-9747468?psc=1,0735211299,Books,14.2,4.8,,bestsellers,2025-05-17 16:28:38
/Great-Beautiful-Life-Emily-Henry/dp/059344129X/ref=zg_bs_g_books_d_sccl_10/133-6693388-9747468?psc=1,#10,Great Big Beautiful Life: Reese's Book Club,$20.99,4.4 out of 5 stars,Emily Henry,"14,464","https://images-na.ssl-images-amazon.com/images/I/71fD+iFwL1L._AC_UL300_SR300,200_.jpg",/Great-Beautiful-Life-Emily-Henry/dp/059344129X/ref=zg_bs_g_books_d_sccl_10/133-6693388-9747468?psc=1,059344129X,Books,20.99,4.4,,bestsellers,2025-05-17 16:28:38
/Housemaid-Freida-McFadden/dp/1538742578/ref=zg_bs_g_books_d_sccl_11/133-6693388-9747468?psc=1,#11,The Housemaid,$2.25,4.5 out of 5 stars,Freida McFadden,"498,731","https://images-na.ssl-images-amazon.com/images/I/81AHTyq2wVL._AC_UL300_SR300,200_.jpg",/Housemaid-Freida-McFadden/dp/1538742578/ref=zg_bs_g_books_d_sccl_11/133-6693388-9747468?psc=1,1538742578,Books,2.25,4.5,,bestsellers,2025-05-17 16:28:38
/Nightingale-Novel-Kristin-Hannah/dp/1250080401/ref=zg_bs_g_books_d_sccl_12/133-6693388-9747468?psc=1,#12,The Nightingale: A Novel,$1.78,4.7 out of 5 stars,Kristin Hannah,"361,334","https://images-na.ssl-images-amazon.com/images/I/81OkWjcf4WL._AC_UL300_SR300,200_.jpg",/Nightingale-Novel-Kristin-Hannah/dp/1250080401/ref=zg_bs_g_books_d_sccl_12/133-6693388-9747468?psc=1,1250080401,Books,1.78,4.7,,bestsellers,2025-05-17 16:28:38
/Good-Energy-Surprising-Connection-Metabolism/dp/0593712641/ref=zg_bs_g_books_d_sccl_13/133-6693388-9747468?psc=1,#13,Good Energy: The Surprising Connection Between Metabolism and Limitless Health,$12.12,4.6 out of 5 stars,Casey Means MD,"3,673","https://images-na.ssl-images-amazon.com/images/I/71yf71HxJqL._AC_UL300_SR300,200_.jpg",/Good-Energy-Surprising-Connection-Metabolism/dp/0593712641/ref=zg_bs_g_books_d_sccl_13/133-6693388-9747468?psc=1,0593712641,Books,12.12,4.6,,bestsellers,2025-05-17 16:28:38
/New-Menopause-Navigating-Through-Hormonal/dp/059379625X/ref=zg_bs_g_books_d_sccl_14/133-6693388-9747468?psc=1,#14,"The New Menopause: Navigating Your Path Through Hormonal Change with Purpose, Power, and Facts",$13.99,4.7 out of 5 stars,Mary Claire Haver MD,"2,854","https://images-na.ssl-images-amazon.com/images/I/717+yh0POUL._AC_UL300_SR300,200_.jpg",/New-Menopause-Navigating-Through-Hormonal/dp/059379625X/ref=zg_bs_g_books_d_sccl_14/133-6693388-9747468?psc=1,059379625X,Books,13.99,4.7,,bestsellers,2025-05-17 16:28:38
/Wishbone-Kitchen-Cookbook-Seasonal-Entertaining/dp/0593835956/ref=zg_bs_g_books_d_sccl_15/133-6693388-9747468?psc=1,#15,The Wishbone Kitchen Cookbook: Seasonal Recipes for Everyday Luxury and Elevated Entertaining,$17.49,4.6 out of 5 stars,Meredith Hayden,44,"https://images-na.ssl-images-amazon.com/images/I/81cE7q5P96L._AC_UL300_SR300,200_.jpg",/Wishbone-Kitchen-Cookbook-Seasonal-Entertaining/dp/0593835956/ref=zg_bs_g_books_d_sccl_15/133-6693388-9747468?psc=1,0593835956,Books,17.49,4.6,,bestsellers,2025-05-17 16:28:38
/Body-Keeps-Score-Healing-Trauma/dp/0143127748/ref=zg_bs_g_books_d_sccl_16/133-6693388-9747468?psc=1,#16,"The Body Keeps the Score: Brain, Mind, and Body in the Healing of Trauma",$4.09,4.8 out of 5 stars,Bessel van der Kolk M.D.,"79,199","https://images-na.ssl-images-amazon.com/images/I/71Ha3OShqSL._AC_UL300_SR300,200_.jpg",/Body-Keeps-Score-Healing-Trauma/dp/0143127748/ref=zg_bs_g_books_d_sccl_16/133-6693388-9747468?psc=1,0143127748,Books,4.09,4.8,,bestsellers,2025-05-17 16:28:38
/Onyx-Storm-Deluxe-Limited-Empyrean/dp/1649374186/ref=zg_bs_g_books_d_sccl_17/133-6693388-9747468?psc=1,#17,"Onyx Storm (Deluxe Limited Edition) (The Empyrean, 3)",$13.86,4.6 out of 5 stars,Rebecca Yarros,"216,610","https://images-na.ssl-images-amazon.com/images/I/9101MLPcFTL._AC_UL300_SR300,200_.jpg",/Onyx-Storm-Deluxe-Limited-Empyrean/dp/1649374186/ref=zg_bs_g_books_d_sccl_17/133-6693388-9747468?psc=1,1649374186,Books,13.86,4.6,,bestsellers,2025-05-17 16:28:38
/Dont-Believe-Everything-Think-Expanded/dp/B0D47VYQMY/ref=zg_bs_g_books_d_sccl_18/133-6693388-9747468?psc=1,#18,Don't Believe Everything You Think (Expanded Edition): Why Your Thinking Is The Beginning & End Of Suffering (Graduation Gift) (Books By Joseph Nguyen),$14.28,4.6 out of 5 stars,Joseph Nguyen,"17,385","https://images-na.ssl-images-amazon.com/images/I/819I+YyuU-L._AC_UL300_SR300,200_.jpg",/Dont-Believe-Everything-Think-Expanded/dp/B0D47VYQMY/ref=zg_bs_g_books_d_sccl_18/133-6693388-9747468?psc=1,B0D47VYQMY,Books,14.28,4.6,,bestsellers,2025-05-17 16:28:38
/Mom-Want-Hear-Your-Story/dp/0578644053/ref=zg_bs_g_books_d_sccl_19/133-6693388-9747468?psc=1,#19,"Mom, I Want to Hear Your Story: A Mother's Guided Journal To Share Her Life & Her Love",$13.98,4.7 out of 5 stars,Jeffrey Mason,"16,664","https://images-na.ssl-images-amazon.com/images/I/71fGgrrgj4L._AC_UL300_SR300,200_.jpg",/Mom-Want-Hear-Your-Story/dp/0578644053/ref=zg_bs_g_books_d_sccl_19/133-6693388-9747468?psc=1,0578644053,Books,13.98,4.7,,bestsellers,2025-05-17 16:28:38
/Cozy-Friends-Featuring-Characters-Relaxation/dp/B0D4YLQRMP/ref=zg_bs_g_books_d_sccl_20/133-6693388-9747468?psc=1,#20,Cozy Friends: Coloring Book for Adults and Teens Featuring Super Cute Animal Characters with Easy and Simple Designs for Relaxation,$16.00,4.8 out of 5 stars,Coco Wyo,"5,879","https://images-na.ssl-images-amazon.com/images/I/61Wxab6R32L._AC_UL300_SR300,200_.jpg",/Cozy-Friends-Featuring-Characters-Relaxation/dp/B0D4YLQRMP/ref=zg_bs_g_books_d_sccl_20/133-6693388-9747468?psc=1,B0D4YLQRMP,Books,16.0,4.8,,bestsellers,2025-05-17 16:28:38
/James-Novel-Percival-Everett/dp/0385550367/ref=zg_bs_g_books_d_sccl_21/133-6693388-9747468?psc=1,#21,James (Pulitzer Prize Winner): A Novel,$17.06,4.6 out of 5 stars,Percival Everett,"66,888","https://images-na.ssl-images-amazon.com/images/I/71SLeCwMlWL._AC_UL300_SR300,200_.jpg",/James-Novel-Percival-Everett/dp/0385550367/ref=zg_bs_g_books_d_sccl_21/133-6693388-9747468?psc=1,0385550367,Books,17.06,4.6,,bestsellers,2025-05-17 16:28:38
/Very-Hungry-Caterpillar-Eric-Carle/dp/0399226907/ref=zg_bs_g_books_d_sccl_22/133-6693388-9747468?psc=1,#22,The Very Hungry Caterpillar,$5.75,4.9 out of 5 stars,Eric Carle,"76,764","https://images-na.ssl-images-amazon.com/images/I/81qsstEtrgL._AC_UL300_SR300,200_.jpg",/Very-Hungry-Caterpillar-Eric-Carle/dp/0399226907/ref=zg_bs_g_books_d_sccl_22/133-6693388-9747468?psc=1,0399226907,Books,5.75,4.9,,bestsellers,2025-05-17 16:28:38
/Anxious-Generation-Rewiring-Childhood-Epidemic/dp/0593655036/ref=zg_bs_g_books_d_sccl_23/133-6693388-9747468?psc=1,#23,The Anxious Generation: How the Great Rewiring of Childhood Is Causing an Epidemic of Mental Illness,$12.82,4.6 out of 5 stars,Jonathan Haidt,"7,803","https://images-na.ssl-images-amazon.com/images/I/81Rz9l29NiL._AC_UL300_SR300,200_.jpg",/Anxious-Generation-Rewiring-Childhood-Epidemic/dp/0593655036/ref=zg_bs_g_books_d_sccl_23/133-6693388-9747468?psc=1,0593655036,Books,12.82,4.6,,bestsellers,2025-05-17 16:28:38
/How-Draw-Everything-Drawings-Animals/dp/B0CNQ5X4Y1/ref=zg_bs_g_books_d_sccl_24/133-6693388-9747468?psc=1,#24,"How To Draw Everything: 300 Drawings of Cute Stuff, Animals, Food, Gifts, and other Amazing Things | Book For Kids",$10.90,4.7 out of 5 stars,Emma Greene,"3,596","https://images-na.ssl-images-amazon.com/images/I/613znXUaEWL._AC_UL300_SR300,200_.jpg",/How-Draw-Everything-Drawings-Animals/dp/B0CNQ5X4Y1/ref=zg_bs_g_books_d_sccl_24/133-6693388-9747468?psc=1,B0CNQ5X4Y1,Books,10.9,4.7,,bestsellers,2025-05-17 16:28:38
/Women-Novel-Kristin-Hannah/dp/1250178630/ref=zg_bs_g_books_d_sccl_25/133-6693388-9747468?psc=1,#25,The Women: A Novel,$6.41,4.7 out of 5 stars,Kristin Hannah,"266,632","https://images-na.ssl-images-amazon.com/images/I/913C+MR3S5L._AC_UL300_SR300,200_.jpg",/Women-Novel-Kristin-Hannah/dp/1250178630/ref=zg_bs_g_books_d_sccl_25/133-6693388-9747468?psc=1,1250178630,Books,6.41,4.7,,bestsellers,2025-05-17 16:28:38
/Frozen-River-Book-Club-Novel/dp/0593312074/ref=zg_bs_g_books_d_sccl_26/133-6693388-9747468?psc=1,#26,The Frozen River: A GMA Book Club Pick: A Novel,$10.90,4.6 out of 5 stars,Ariel Lawhon,"70,253","https://images-na.ssl-images-amazon.com/images/I/91ulu+khYLL._AC_UL300_SR300,200_.jpg",/Frozen-River-Book-Club-Novel/dp/0593312074/ref=zg_bs_g_books_d_sccl_26/133-6693388-9747468?psc=1,0593312074,Books,10.9,4.6,,bestsellers,2025-05-17 16:28:38
/Dad-Want-Hear-Your-Story/dp/1070527718/ref=zg_bs_g_books_d_sccl_27/133-6693388-9747468?psc=1,#27,"Dad, I Want to Hear Your Story: A Father’s Guided Journal To Share His Life & His Love (Hear Your Story Books)",$1.51,4.7 out of 5 stars,Jeffrey Mason,"9,856","https://images-na.ssl-images-amazon.com/images/I/51+ROKEYviL._AC_UL300_SR300,200_.jpg",/Dad-Want-Hear-Your-Story/dp/1070527718/ref=zg_bs_g_books_d_sccl_27/133-6693388-9747468?psc=1,1070527718,Books,1.51,4.7,,bestsellers,2025-05-17 16:28:38
/Cant-Get-Enough-Kennedy-Ryan/dp/1538706857/ref=zg_bs_g_books_d_sccl_28/133-6693388-9747468?psc=1,#28,Can't Get Enough,$12.13,4.8 out of 5 stars,Kennedy Ryan,238,"https://images-na.ssl-images-amazon.com/images/I/81k1I08MprL._AC_UL300_SR300,200_.jpg",/Cant-Get-Enough-Kennedy-Ryan/dp/1538706857/ref=zg_bs_g_books_d_sccl_28/133-6693388-9747468?psc=1,1538706857,Books,12.13,4.8,,bestsellers,2025-05-17 16:28:38
/Stress-Relief-Relaxation-Featuring-Landscape/dp/B0D3CSPMZG/ref=zg_bs_g_books_d_sccl_29/133-6693388-9747468?psc=1,#29,"Stress Relief: Coloring Book for Adults and Kids, Bold and Easy, Simple and Big Designs for Relaxation Featuring Animals, Landscape, Flowers, Patterns, Cute Things And Many More (Bold & Easy Coloring)",$2.00,4.8 out of 5 stars,Coco Wyo,"4,058","https://images-na.ssl-images-amazon.com/images/I/61s--VaVyUL._AC_UL300_SR300,200_.jpg",/Stress-Relief-Relaxation-Featuring-Landscape/dp/B0D3CSPMZG/ref=zg_bs_g_books_d_sccl_29/133-6693388-9747468?psc=1,B0D3CSPMZG,Books,2.0,4.8,,bestsellers,2025-05-17 16:28:38
/Psychology-Money-Timeless-lessons-happiness/dp/0857197681/ref=zg_bs_g_books_d_sccl_30/133-6693388-9747468?psc=1,#30,"The Psychology of Money: Timeless lessons on wealth, greed, and happiness",$10.25,4.7 out of 5 stars,Morgan Housel,"61,993","https://images-na.ssl-images-amazon.com/images/I/81wZXiu4OiL._AC_UL300_SR300,200_.jpg",/Psychology-Money-Timeless-lessons-happiness/dp/0857197681/ref=zg_bs_g_books_d_sccl_30/133-6693388-9747468?psc=1,0857197681,Books,10.25,4.7,,bestsellers,2025-05-17 16:28:38
/Bezente-Assorted-Balloons-Birthday-Decorations/dp/B0BZCHMVTK/ref=zg_bs_g_toys-and-games_d_sccl_1/133-6693388-9747468?psc=1,#1,"Bezente Assorted Rainbow Latex Balloons, 100 Pack 12 inch Round Helium Bright Color Balloons for Birthday Baby Shower Wedding Party Decorations",$6.99,4.6 out of 5 stars,"8,771","8,771","https://images-na.ssl-images-amazon.com/images/I/71UsblW3D+L._AC_UL600_SR600,400_.jpg",/Bezente-Assorted-Balloons-Birthday-Decorations/dp/B0BZCHMVTK/ref=zg_bs_g_toys-and-games_d_sccl_1/133-6693388-9747468?psc=1,B0BZCHMVTK,Toys & Games,6.99,4.6,8771.0,bestsellers,2025-05-17 16:28:38
/PartyWoo-Balloons-Different-Birthday-Decorations/dp/B0BDQLJMFV/ref=zg_bs_g_toys-and-games_d_sccl_2/133-6693388-9747468?psc=1,#2,PartyWoo Black Balloons 140 pcs Different Sizes Pack of 18 12 10 5 Inch Matte Black Latex Balloon Arch Kit Garland for Graduation Halloween New Year Anniversary Birthday Party Decorations Black-Y18,$8.98,4.4 out of 5 stars,"3,830","3,830","https://images-na.ssl-images-amazon.com/images/I/719Q+UaPALL._AC_UL600_SR600,400_.jpg",/PartyWoo-Balloons-Different-Birthday-Decorations/dp/B0BDQLJMFV/ref=zg_bs_g_toys-and-games_d_sccl_2/133-6693388-9747468?psc=1,B0BDQLJMFV,Toys & Games,8.98,4.4,3830.0,bestsellers,2025-05-17 16:28:38
/Engagement-Bachelorette-Christmas-Celebration-Decorations/dp/B0BWR49R77/ref=zg_bs_g_toys-and-games_d_sccl_3/133-6693388-9747468?psc=1,#3,2 Pack Foil Curtain Backdrop Silver Metallic Tinsel Foil Fringe Curtains Photo Booth Props for Birthday Wedding Engagement Baby Shower Bachelorette Christmas Holiday Celebration Party Decorations,$5.99,4.4 out of 5 stars,"4,896","4,896","https://images-na.ssl-images-amazon.com/images/I/8187pIJ2dDL._AC_UL300_SR300,200_.jpg",/Engagement-Bachelorette-Christmas-Celebration-Decorations/dp/B0BWR49R77/ref=zg_bs_g_toys-and-games_d_sccl_3/133-6693388-9747468?psc=1,B0BWR49R77,Toys & Games,5.99,4.4,4896.0,bestsellers,2025-05-17 16:28:38
/Balloons-Different-Graduation-Anniversary-Decoration/dp/B0B1B14DRT/ref=zg_bs_g_toys-and-games_d_sccl_4/133-6693388-9747468?psc=1,#4,"RUBFAC 129pcs White Balloons Different Sizes 18 12 10 5 Inch for Garland Arch,Party Latex Balloons for Birthday Party Wedding Anniversary Baby Shower Party Decoration",$7.99,4.5 out of 5 stars,"5,757","5,757","https://images-na.ssl-images-amazon.com/images/I/71tNqTWLwHL._AC_UL300_SR300,200_.jpg",/Balloons-Different-Graduation-Anniversary-Decoration/dp/B0B1B14DRT/ref=zg_bs_g_toys-and-games_d_sccl_4/133-6693388-9747468?psc=1,B0B1B14DRT,Toys & Games,7.99,4.5,5757.0,bestsellers,2025-05-17 16:28:38
/Step2-874600-Showers-Playset-Multi-Colored/dp/B01K1K0K6M/ref=zg_bs_g_toys-and-games_d_sccl_5/133-6693388-9747468?psc=1,#5,"Step2 Rain Showers Splash Pond Toddler Water Table, Kids Water and Sand Activity Sensory Playset, Summer Outdoor Toys, 13 Piece Toy Accessories, For Toddles 1.5+ Years Old",$70.99,4.8 out of 5 stars,"30,679","30,679","https://images-na.ssl-images-amazon.com/images/I/81UxynQciFL._AC_UL300_SR300,200_.jpg",/Step2-874600-Showers-Playset-Multi-Colored/dp/B01K1K0K6M/ref=zg_bs_g_toys-and-games_d_sccl_5/133-6693388-9747468?psc=1,B01K1K0K6M,Toys & Games,70.99,4.8,30679.0,bestsellers,2025-05-17 16:28:38
/Balloons-Beginners-Carnivals-Decoartion-100Pcs-clear/dp/B09L7MDNH6/ref=zg_bs_g_toys-and-games_d_sccl_6/133-6693388-9747468?psc=1,#6,"100Pcs clear 260 Balloons Clear Long Skinny Latex Balloon for Animal Ballons, Premium Quality Balloons for Beginners Baloons Making Kid's Carnivals Party Decoartion",$6.59,4.7 out of 5 stars,"6,623","6,623","https://images-na.ssl-images-amazon.com/images/I/61ZDr0RsX6L._AC_UL300_SR300,200_.jpg",/Balloons-Beginners-Carnivals-Decoartion-100Pcs-clear/dp/B09L7MDNH6/ref=zg_bs_g_toys-and-games_d_sccl_6/133-6693388-9747468?psc=1,B09L7MDNH6,Toys & Games,6.59,4.7,6623.0,bestsellers,2025-05-17 16:28:38
/Magic-Gathering-Final-Fantasy-Starter/dp/B0DTMVS4NM/ref=zg_bs_g_toys-and-games_d_sccl_7/133-6693388-9747468?psc=1,#7,Magic: The Gathering - Final Fantasy Starter Kit,$19.89,,,,"https://images-na.ssl-images-amazon.com/images/I/81x-KK-FClL._AC_UL300_SR300,200_.jpg",/Magic-Gathering-Final-Fantasy-Starter/dp/B0DTMVS4NM/ref=zg_bs_g_toys-and-games_d_sccl_7/133-6693388-9747468?psc=1,B0DTMVS4NM,Toys & Games,19.89,,,bestsellers,2025-05-17 16:28:38
/Bicycle-Standard-Index-Rider-Back/dp/B09SDKSXLZ/ref=zg_bs_g_toys-and-games_d_sccl_8/133-6693388-9747468?psc=1,#8,"Bicycle Rider Back Playing Cards, Standard Index, Poker Cards, Premium Playing Cards, Red & Blue, 2 Count (Pack of 1)",$5.69,4.8 out of 5 stars,"10,765","10,765","https://images-na.ssl-images-amazon.com/images/I/71E1zOPvvLL._AC_UL300_SR300,200_.jpg",/Bicycle-Standard-Index-Rider-Back/dp/B09SDKSXLZ/ref=zg_bs_g_toys-and-games_d_sccl_8/133-6693388-9747468?psc=1,B09SDKSXLZ,Toys & Games,5.69,4.8,10765.0,bestsellers,2025-05-17 16:28:38
/Horizon-Group-USA-Bluey-Aqua/dp/B09PGVGCH5/ref=zg_bs_g_toys-and-games_d_sccl_9/133-6693388-9747468?psc=1,#9,Horizon Group USA Bluey Aqua Art - Reusable Water Reveal Activity Pages With Water Pen for No-Mess Drawing and Coloring,$4.99,4.7 out of 5 stars,"8,716","8,716","https://images-na.ssl-images-amazon.com/images/I/71x-iCOHaaL._AC_UL300_SR300,200_.jpg",/Horizon-Group-USA-Bluey-Aqua/dp/B09PGVGCH5/ref=zg_bs_g_toys-and-games_d_sccl_9/133-6693388-9747468?psc=1,B09PGVGCH5,Toys & Games,4.99,4.7,8716.0,bestsellers,2025-05-17 16:28:38
/Backdrop-Decorations-Birthday-Bachelorette-Graduation/dp/B0CDH1V1RK/ref=zg_bs_g_toys-and-games_d_sccl_10/133-6693388-9747468?psc=1,#10,BOMSI 2 Pack Pink Backdrop Party Decorations Tinsel Curtain Party Backdrop Foil Fringe Birthday Decorations Photo Booth Streamer Backdrop Pink Theme Bachelorette Graduation Party Decorations,$5.99,4.3 out of 5 stars,"2,632","2,632","https://images-na.ssl-images-amazon.com/images/I/81Gdf20RghL._AC_UL300_SR300,200_.jpg",/Backdrop-Decorations-Birthday-Bachelorette-Graduation/dp/B0CDH1V1RK/ref=zg_bs_g_toys-and-games_d_sccl_10/133-6693388-9747468?psc=1,B0CDH1V1RK,Toys & Games,5.99,4.3,2632.0,bestsellers,2025-05-17 16:28:38
/John-Deere-Bubble-N-Go-Mower-Entertainment/dp/B0BXF8W8BM/ref=zg_bs_g_toys-and-games_d_sccl_11/133-6693388-9747468?psc=1,#11,"John Deere Bubble Lawn Mower for Toddlers, Bubble Blowing Machines, Indoor and Outdoor Gardening Toy, Birthday, Party Favor for Preschool Girls and Boys, No Batteries Required, 2+",$17.49,4.4 out of 5 stars,"2,052","2,052","https://images-na.ssl-images-amazon.com/images/I/81-Olpec9EL._AC_UL300_SR300,200_.jpg",/John-Deere-Bubble-N-Go-Mower-Entertainment/dp/B0BXF8W8BM/ref=zg_bs_g_toys-and-games_d_sccl_11/133-6693388-9747468?psc=1,B0BXF8W8BM,Toys & Games,17.49,4.4,2052.0,bestsellers,2025-05-17 16:28:38
/Sloosh-Inflatable-Tanning-Lounger-Floatie/dp/B0CLMHL64T/ref=zg_bs_g_toys-and-games_d_sccl_12/133-6693388-9747468?psc=1,#12,"SLOOSH Inflatable Tanning Pool Lounger Float, 70"" x 46"" Pool Floats Adult with Pillow, 4 in 1 Suntan Tub Raft Floatie,Sunbathing Bed Lounge for Water Blow Up Kids Ball Pit Party Gifts, L-Blue",$28.99,4.5 out of 5 stars,"3,586","3,586","https://images-na.ssl-images-amazon.com/images/I/91Ogs3nA0HL._AC_UL300_SR300,200_.jpg",/Sloosh-Inflatable-Tanning-Lounger-Floatie/dp/B0CLMHL64T/ref=zg_bs_g_toys-and-games_d_sccl_12/133-6693388-9747468?psc=1,B0CLMHL64T,Toys & Games,28.99,4.5,3586.0,bestsellers,2025-05-17 16:28:38
/Snackles-Snackle-Squishy-Comfort-Accessory/dp/B0CPL4PT5F/ref=zg_bs_g_toys-and-games_d_sccl_13/133-6693388-9747468?psc=1,#13,"Snackles Series 2 Shark & Hershey (Cookies n Cream) 8 Inch Plush by ZURU, Ultra Soft Plush, Collectible Plush with Real Licensed Brands, Stuffed Animal, Giftable",$3.61,4.8 out of 5 stars,775,775,"https://images-na.ssl-images-amazon.com/images/I/71PGOcZnqrL._AC_UL300_SR300,200_.jpg",/Snackles-Snackle-Squishy-Comfort-Accessory/dp/B0CPL4PT5F/ref=zg_bs_g_toys-and-games_d_sccl_13/133-6693388-9747468?psc=1,B0CPL4PT5F,Toys & Games,3.61,4.8,775.0,bestsellers,2025-05-17 16:28:38
/LeapFrog-Learning-Friends-Words-Green/dp/B07B6ZN7P8/ref=zg_bs_g_toys-and-games_d_sccl_14/133-6693388-9747468?psc=1,#14,"LeapFrog Learning Friends 100 Words Book, Green",$27.49,4.8 out of 5 stars,"139,180","139,180","https://images-na.ssl-images-amazon.com/images/I/71wQb2LWUkL._AC_UL300_SR300,200_.jpg",/LeapFrog-Learning-Friends-Words-Green/dp/B07B6ZN7P8/ref=zg_bs_g_toys-and-games_d_sccl_14/133-6693388-9747468?psc=1,B07B6ZN7P8,Toys & Games,27.49,4.8,139180.0,bestsellers,2025-05-17 16:28:38
/Play-Doh-Non-Toxic-Modeling-Classroom-Exclusive/dp/B087N9N6HH/ref=zg_bs_g_toys-and-games_d_sccl_15/133-6693388-9747468?psc=1,#15,"Play Doh Bulk Handout 42-Pack of 1-Ounce Modeling Compound Cans, Non Candy Halloween Handout Toys & Party Favors, Kids Arts & Crafts, Preschool Toys, Ages 2+ (Amazon Exclusive)",$16.99,4.9 out of 5 stars,"14,025","14,025","https://images-na.ssl-images-amazon.com/images/I/81QQOmhZwOL._AC_UL300_SR300,200_.jpg",/Play-Doh-Non-Toxic-Modeling-Classroom-Exclusive/dp/B087N9N6HH/ref=zg_bs_g_toys-and-games_d_sccl_15/133-6693388-9747468?psc=1,B087N9N6HH,Toys & Games,16.99,4.9,14025.0,bestsellers,2025-05-17 16:28:38
/Pokemon-742818061742-ASSORTED-POKEMON-CARDS/dp/B001CJVTLC/ref=zg_bs_g_toys-and-games_d_sccl_16/133-6693388-9747468?psc=1,#16,Pokemon Assorted Lot of 50 Single Cards [Any Series],$5.89,4.3 out of 5 stars,"73,497","73,497","https://images-na.ssl-images-amazon.com/images/I/618Lig3bsML._AC_UL300_SR300,200_.jpg",/Pokemon-742818061742-ASSORTED-POKEMON-CARDS/dp/B001CJVTLC/ref=zg_bs_g_toys-and-games_d_sccl_16/133-6693388-9747468?psc=1,B001CJVTLC,Toys & Games,5.89,4.3,73497.0,bestsellers,2025-05-17 16:28:38
/Schylling-NeeDoh-Sensory-Super-Squish/dp/B0BQZFVJTB/ref=zg_bs_g_toys-and-games_d_sccl_17/133-6693388-9747468?psc=1,#17,"Schylling NeeDoh Nice Cube - Sensory Squeeze Toy with Super Solid Squish - 2.25"" Cube - Color May Vary (Pack of 1)",$8.88,4.2 out of 5 stars,"6,625","6,625","https://images-na.ssl-images-amazon.com/images/I/71jr5L9RZNL._AC_UL300_SR300,200_.jpg",/Schylling-NeeDoh-Sensory-Super-Squish/dp/B0BQZFVJTB/ref=zg_bs_g_toys-and-games_d_sccl_17/133-6693388-9747468?psc=1,B0BQZFVJTB,Toys & Games,8.88,4.2,6625.0,bestsellers,2025-05-17 16:28:38
/Play-Doh-Modeling-Compound-Non-Toxic-Exclusive/dp/B00JM5GW10/ref=zg_bs_g_toys-and-games_d_sccl_18/133-6693388-9747468?psc=1,#18,"Play Doh Modeling Compound 10-Pack Case of Assorted Colors, Non-Toxic 2 oz. Cans, Halloween Toys & Party Favors, Preschool Toys for Kids, Ages 2+ (Amazon Exclusive)",$6.99,4.7 out of 5 stars,"63,965","63,965","https://images-na.ssl-images-amazon.com/images/I/71LqxbA1WCL._AC_UL300_SR300,200_.jpg",/Play-Doh-Modeling-Compound-Non-Toxic-Exclusive/dp/B00JM5GW10/ref=zg_bs_g_toys-and-games_d_sccl_18/133-6693388-9747468?psc=1,B00JM5GW10,Toys & Games,6.99,4.7,63965.0,bestsellers,2025-05-17 16:28:38
/PartyWoo-Balloons-Metallic-Birthday-Decorations/dp/B0991GLP6L/ref=zg_bs_g_toys-and-games_d_sccl_19/133-6693388-9747468?psc=1,#19,PartyWoo Metallic Silver Balloons 50 pcs 12 Inch Chrome Silver Latex Balloons for Graduation New Year Wedding Baby Shower Bachelorette Anniversary Birthday Party Decorations Silver-G102,$6.99,4.6 out of 5 stars,"10,952","10,952","https://images-na.ssl-images-amazon.com/images/I/61PSDb2ireL._AC_UL300_SR300,200_.jpg",/PartyWoo-Balloons-Metallic-Birthday-Decorations/dp/B0991GLP6L/ref=zg_bs_g_toys-and-games_d_sccl_19/133-6693388-9747468?psc=1,B0991GLP6L,Toys & Games,6.99,4.6,10952.0,bestsellers,2025-05-17 16:28:38
/SEREED-Balance-Toddler-Wheels-Birthday/dp/B08SGH7NKX/ref=zg_bs_g_toys-and-games_d_sccl_20/133-6693388-9747468?psc=1,#20,"SEREED Baby Balance Bike for 1 Year Old Boys Girls 12-24 Month Toddler Balance Bike, 4 Wheels Toddler First Bike, First Birthday Gifts",$34.99,4.8 out of 5 stars,"11,188","11,188","https://images-na.ssl-images-amazon.com/images/I/61tilO4erpL._AC_UL300_SR300,200_.jpg",/SEREED-Balance-Toddler-Wheels-Birthday/dp/B08SGH7NKX/ref=zg_bs_g_toys-and-games_d_sccl_20/133-6693388-9747468?psc=1,B08SGH7NKX,Toys & Games,34.99,4.8,11188.0,bestsellers,2025-05-17 16:28:38
/PartySticks-Sticks-Party-Supplies-100pk/dp/B00N1QPNMA/ref=zg_bs_g_toys-and-games_d_sccl_21/133-6693388-9747468?psc=1,#21,"PartySticks Glow Sticks Party Supplies 100pk - 8 Inch Glow in the Dark Light Up Sticks Party Favors, Glow Decorations, Neon Party Glow Necklaces and Glow Bracelets with Connectors",$8.99,4.6 out of 5 stars,"23,973","23,973","https://images-na.ssl-images-amazon.com/images/I/81JYNlch58L._AC_UL300_SR300,200_.jpg",/PartySticks-Sticks-Party-Supplies-100pk/dp/B00N1QPNMA/ref=zg_bs_g_toys-and-games_d_sccl_21/133-6693388-9747468?psc=1,B00N1QPNMA,Toys & Games,8.99,4.6,23973.0,bestsellers,2025-05-17 16:28:38
/Bunch-Balloons-Tropical-Rapid-Filling-Self-Sealing/dp/B0B459CY9W/ref=zg_bs_g_toys-and-games_d_sccl_22/133-6693388-9747468?psc=1,#22,"Original Bunch O Balloons Tropical Party 330+ Rapid-Filling Self-Sealing Water Balloons (Amazon Exclusive 10 count, pack of 1) by ZURU Water Balloon for the Whole Family, Kids, Teens and Adults",$21.29,4.6 out of 5 stars,"18,387","18,387","https://images-na.ssl-images-amazon.com/images/I/91gUA7twgmL._AC_UL300_SR300,200_.jpg",/Bunch-Balloons-Tropical-Rapid-Filling-Self-Sealing/dp/B0B459CY9W/ref=zg_bs_g_toys-and-games_d_sccl_22/133-6693388-9747468?psc=1,B0B459CY9W,Toys & Games,21.29,4.6,18387.0,bestsellers,2025-05-17 16:28:38
/Birthday-Decoration-Inflating-Balloons-Anniversary/dp/B0BJZRS4KR/ref=zg_bs_g_toys-and-games_d_sccl_23/133-6693388-9747468?psc=1,#23,"40 Inch Beige Number 1 Balloon for 1st Birthday Decoration, Large Self Inflating Cream Foil Number Balloons 0-9 for Boys Girls, White Sand 1 Helium Balloons for Women Men Party Anniversary Supplies",$5.99,4.2 out of 5 stars,"1,928","1,928","https://images-na.ssl-images-amazon.com/images/I/61ns3t327vL._AC_UL300_SR300,200_.jpg",/Birthday-Decoration-Inflating-Balloons-Anniversary/dp/B0BJZRS4KR/ref=zg_bs_g_toys-and-games_d_sccl_23/133-6693388-9747468?psc=1,B0BJZRS4KR,Toys & Games,5.99,4.2,1928.0,bestsellers,2025-05-17 16:28:38
/Schylling-NeeDoh-Sensory-Squeeze-Squish/dp/B0DQNQ1ZVZ/ref=zg_bs_g_toys-and-games_d_sccl_24/133-6693388-9747468?psc=1,#24,"Schylling NeeDoh Nice Cube -Sensory Squeeze Toy with Super Solid Squish - 2.25"" Cube",$11.49,4.3 out of 5 stars,396,396,"https://images-na.ssl-images-amazon.com/images/I/51Gko+lO3HL._AC_UL300_SR300,200_.jpg",/Schylling-NeeDoh-Sensory-Squeeze-Squish/dp/B0DQNQ1ZVZ/ref=zg_bs_g_toys-and-games_d_sccl_24/133-6693388-9747468?psc=1,B0DQNQ1ZVZ,Toys & Games,11.49,4.3,396.0,bestsellers,2025-05-17 16:28:38
/Glow-Sticks-Bulk-Party-Supplies/dp/B07ZV31J31/ref=zg_bs_g_toys-and-games_d_sccl_25/133-6693388-9747468?psc=1,#25,"100 Ultra Bright Glow Sticks Bulk Party Pack - Glow in the Dark Party Supplies Pack - 8"" Glowsticks Party Favors with Bracelets and Necklaces",$7.99,4.6 out of 5 stars,"18,767","18,767","https://images-na.ssl-images-amazon.com/images/I/812WhppfnCL._AC_UL300_SR300,200_.jpg",/Glow-Sticks-Bulk-Party-Supplies/dp/B07ZV31J31/ref=zg_bs_g_toys-and-games_d_sccl_25/133-6693388-9747468?psc=1,B07ZV31J31,Toys & Games,7.99,4.6,18767.0,bestsellers,2025-05-17 16:28:38
/LEGO-Dinosaurs-31058-Pterodactyl-Triceratops/dp/B01KJEOCDW/ref=zg_bs_g_toys-and-games_d_sccl_26/133-6693388-9747468?psc=1,#26,"LEGO Creator 3 in 1 Mighty Dinosaur Toy, Transforms from T. rex to Triceratops to Pterodactyl Dinosaur Figures, Great Gift for 7-12 Year Old Boys & Girls, 31058",$14.99,4.8 out of 5 stars,"45,318","45,318","https://images-na.ssl-images-amazon.com/images/I/8153mG+qVgL._AC_UL300_SR300,200_.jpg",/LEGO-Dinosaurs-31058-Pterodactyl-Triceratops/dp/B01KJEOCDW/ref=zg_bs_g_toys-and-games_d_sccl_26/133-6693388-9747468?psc=1,B01KJEOCDW,Toys & Games,14.99,4.8,45318.0,bestsellers,2025-05-17 16:28:38
/Balloon-Balloons-Birthday-Wedding-Ribbons/dp/B0BZHHVYY9/ref=zg_bs_g_toys-and-games_d_sccl_27/133-6693388-9747468?psc=1,#27,"110pcs Black Balloon 12 inch, Black Latex Balloons for Birthday Party Baby Shower Wedding(with 2 Ribbons).",$6.99,4.5 out of 5 stars,"1,285","1,285","https://images-na.ssl-images-amazon.com/images/I/61ameTQ2STL._AC_UL300_SR300,200_.jpg",/Balloon-Balloons-Birthday-Wedding-Ribbons/dp/B0BZHHVYY9/ref=zg_bs_g_toys-and-games_d_sccl_27/133-6693388-9747468?psc=1,B0BZHHVYY9,Toys & Games,6.99,4.5,1285.0,bestsellers,2025-05-17 16:28:38
/Crayola-Colored-Pencil-Supplies-Assorted/dp/B00006RVTS/ref=zg_bs_g_toys-and-games_d_sccl_28/133-6693388-9747468?psc=1,#28,"Crayola Colored Pencils (36ct), Kids Pencils Set, Arts & Crafts Supplies, Coloring Book Pencils, Gifts for Kids & Toddlers, Ages 3+",$9.69,4.8 out of 5 stars,"35,298","35,298","https://images-na.ssl-images-amazon.com/images/I/61TZzq7oBKL._AC_UL300_SR300,200_.jpg",/Crayola-Colored-Pencil-Supplies-Assorted/dp/B00006RVTS/ref=zg_bs_g_toys-and-games_d_sccl_28/133-6693388-9747468?psc=1,B00006RVTS,Toys & Games,9.69,4.8,35298.0,bestsellers,2025-05-17 16:28:38
/Munchkin-Float-Play-Bubbles-Count/dp/B00I3K25R0/ref=zg_bs_g_toys-and-games_d_sccl_29/133-6693388-9747468?psc=1,#29,"Munchkin® Float & Play Bubbles™ Baby and Toddler Bath Toy, 4 Count",$7.15,4.8 out of 5 stars,"31,428","31,428","https://images-na.ssl-images-amazon.com/images/I/71k45i-sZzL._AC_UL300_SR300,200_.jpg",/Munchkin-Float-Play-Bubbles-Count/dp/B00I3K25R0/ref=zg_bs_g_toys-and-games_d_sccl_29/133-6693388-9747468?psc=1,B00I3K25R0,Toys & Games,7.15,4.8,31428.0,bestsellers,2025-05-17 16:28:38
/80-piece-Building-Toddler-Storage-Toddlers/dp/B007GE75HY/ref=zg_bs_g_toys-and-games_d_sccl_30/133-6693388-9747468?psc=1,#30,"MEGA BLOKS First Builders Toddler Blocks Toys Set, Big Building Bag with 80 Pieces and Storage, Blue, Ages 1+ Years",$12.80,4.8 out of 5 stars,"126,158","126,158","https://images-na.ssl-images-amazon.com/images/I/81891U0mbCL._AC_UL300_SR300,200_.jpg",/80-piece-Building-Toddler-Storage-Toddlers/dp/B007GE75HY/ref=zg_bs_g_toys-and-games_d_sccl_30/133-6693388-9747468?psc=1,B007GE75HY,Toys & Games,12.8,4.8,126158.0,bestsellers,2025-05-17 16:28:38
