product_id,product_name,discounted_price,rating,review_count,image_url,product_link,clean_product_id,category,price,rating_value,review_count_value,data_source,processed_at
/Wii-Play-Certified-Refurbished-Pc/dp/B07CTBS6YL/ref=zg_bsms_c_amazon-renewed_d_sccl_1/144-4279524-5111233?pd_rd_w=ePcCu&content-id=amzn1.sym.fef9af56-6177-46e9-8710-a5293a68dd39&pf_rd_p=fef9af56-6177-46e9-8710-a5293a68dd39&pf_rd_r=QD2CSXX74RGQYGJVSXSP&pd_rd_wg=iQI9G&pd_rd_r=249635a4-9c5f-4afe-82ea-575514d38a74&pd_rd_i=B07CTBS6YL&psc=1,Wii Play (Renewed),$17.39,Previous page,Amazon Renewed,https://m.media-amazon.com/images/I/01jrA-8DXYL.gif,/Wii-Play-Certified-Refurbished-Pc/dp/B07CTBS6YL/ref=zg_bsms_c_amazon-renewed_d_sccl_1/144-4279524-5111233?pd_rd_w=ePcCu&content-id=amzn1.sym.fef9af56-6177-46e9-8710-a5293a68dd39&pf_rd_p=fef9af56-6177-46e9-8710-a5293a68dd39&pf_rd_r=QD2CSXX74RGQYGJVSXSP&pd_rd_wg=iQI9G&pd_rd_r=249635a4-9c5f-4afe-82ea-575514d38a74&pd_rd_i=B07CTBS6YL&psc=1,B07CTBS6YL,All Categories,17.39,,,trends,2025-05-17 16:28:38
/Keurig-K-Mini-Certified-Refurbished-Renewed/dp/B085FYSG5K/ref=zg_bsms_c_amazon-renewed_d_sccl_2/144-4279524-5111233?pd_rd_w=ePcCu&content-id=amzn1.sym.fef9af56-6177-46e9-8710-a5293a68dd39&pf_rd_p=fef9af56-6177-46e9-8710-a5293a68dd39&pf_rd_r=QD2CSXX74RGQYGJVSXSP&pd_rd_wg=iQI9G&pd_rd_r=249635a4-9c5f-4afe-82ea-575514d38a74&pd_rd_i=B089RR1H99&psc=1,"Keurig K-Mini Coffee Maker, Certified Refurbished, Black (Renewed)",$49.95,4.1 out of 5 stars,180,https://m.media-amazon.com/images/I/01jrA-8DXYL.gif,/Keurig-K-Mini-Certified-Refurbished-Renewed/dp/B085FYSG5K/ref=zg_bsms_c_amazon-renewed_d_sccl_2/144-4279524-5111233?pd_rd_w=ePcCu&content-id=amzn1.sym.fef9af56-6177-46e9-8710-a5293a68dd39&pf_rd_p=fef9af56-6177-46e9-8710-a5293a68dd39&pf_rd_r=QD2CSXX74RGQYGJVSXSP&pd_rd_wg=iQI9G&pd_rd_r=249635a4-9c5f-4afe-82ea-575514d38a74&pd_rd_i=B089RR1H99&psc=1,B085FYSG5K,All Categories,49.95,4.1,180.0,trends,2025-05-17 16:28:38
/Ninja-Countertop-Extended-Capacity-Capability/dp/B09TD18SC5/ref=zg_bsms_c_amazon-renewed_d_sccl_3/144-4279524-5111233?pd_rd_w=ePcCu&content-id=amzn1.sym.fef9af56-6177-46e9-8710-a5293a68dd39&pf_rd_p=fef9af56-6177-46e9-8710-a5293a68dd39&pf_rd_r=QD2CSXX74RGQYGJVSXSP&pd_rd_wg=iQI9G&pd_rd_r=249635a4-9c5f-4afe-82ea-575514d38a74&pd_rd_i=B09TD18SC5&psc=1,"Ninja SP201 Digital Air Fry Pro Countertop 8-in-1 Oven with Extended Height, XL Capacity, Flip Up & Away Capability for Storage…",$89.99,4.6 out of 5 stars,293,https://m.media-amazon.com/images/I/01jrA-8DXYL.gif,/Ninja-Countertop-Extended-Capacity-Capability/dp/B09TD18SC5/ref=zg_bsms_c_amazon-renewed_d_sccl_3/144-4279524-5111233?pd_rd_w=ePcCu&content-id=amzn1.sym.fef9af56-6177-46e9-8710-a5293a68dd39&pf_rd_p=fef9af56-6177-46e9-8710-a5293a68dd39&pf_rd_r=QD2CSXX74RGQYGJVSXSP&pd_rd_wg=iQI9G&pd_rd_r=249635a4-9c5f-4afe-82ea-575514d38a74&pd_rd_i=B09TD18SC5&psc=1,B09TD18SC5,All Categories,89.99,4.6,293.0,trends,2025-05-17 16:28:38
/TCL-Unlocked-Smartphone-Display-3000mAh/dp/B09X4CT1QW/ref=zg_bsms_c_amazon-renewed_d_sccl_4/144-4279524-5111233?pd_rd_w=ePcCu&content-id=amzn1.sym.fef9af56-6177-46e9-8710-a5293a68dd39&pf_rd_p=fef9af56-6177-46e9-8710-a5293a68dd39&pf_rd_r=QD2CSXX74RGQYGJVSXSP&pd_rd_wg=iQI9G&pd_rd_r=249635a4-9c5f-4afe-82ea-575514d38a74&pd_rd_i=B09X4CT1QW&psc=1,"TCL A30 Unlocked Smartphone with 5.5"" HD+ Display, 8MP Rear Camera, 32GB+3GB RAM, 3000mAh Battery, Android 11,…",$39.99,3.4 out of 5 stars,126,https://m.media-amazon.com/images/I/01jrA-8DXYL.gif,/TCL-Unlocked-Smartphone-Display-3000mAh/dp/B09X4CT1QW/ref=zg_bsms_c_amazon-renewed_d_sccl_4/144-4279524-5111233?pd_rd_w=ePcCu&content-id=amzn1.sym.fef9af56-6177-46e9-8710-a5293a68dd39&pf_rd_p=fef9af56-6177-46e9-8710-a5293a68dd39&pf_rd_r=QD2CSXX74RGQYGJVSXSP&pd_rd_wg=iQI9G&pd_rd_r=249635a4-9c5f-4afe-82ea-575514d38a74&pd_rd_i=B09X4CT1QW&psc=1,B09X4CT1QW,All Categories,39.99,3.4,126.0,trends,2025-05-17 16:28:38
/mini-Apple-Memory-256GB-MGNR3LL/dp/B08PF2RF76/ref=zg_bsms_c_amazon-renewed_d_sccl_5/144-4279524-5111233?pd_rd_w=ePcCu&content-id=amzn1.sym.fef9af56-6177-46e9-8710-a5293a68dd39&pf_rd_p=fef9af56-6177-46e9-8710-a5293a68dd39&pf_rd_r=QD2CSXX74RGQYGJVSXSP&pd_rd_wg=iQI9G&pd_rd_r=249635a4-9c5f-4afe-82ea-575514d38a74&pd_rd_i=B08PF2RF76&psc=1,"2020 Apple Mac Mini with Apple M1 Chip (8GB RAM, 256GB SSD Storage) - Silver (Renewed)",$285.62,4.7 out of 5 stars,679,https://m.media-amazon.com/images/I/01jrA-8DXYL.gif,/mini-Apple-Memory-256GB-MGNR3LL/dp/B08PF2RF76/ref=zg_bsms_c_amazon-renewed_d_sccl_5/144-4279524-5111233?pd_rd_w=ePcCu&content-id=amzn1.sym.fef9af56-6177-46e9-8710-a5293a68dd39&pf_rd_p=fef9af56-6177-46e9-8710-a5293a68dd39&pf_rd_r=QD2CSXX74RGQYGJVSXSP&pd_rd_wg=iQI9G&pd_rd_r=249635a4-9c5f-4afe-82ea-575514d38a74&pd_rd_i=B08PF2RF76&psc=1,B08PF2RF76,All Categories,285.62,4.7,679.0,trends,2025-05-17 16:28:38
/SAMSUNG-Unlocked-Verizon-T-Mobile-Renewed/dp/B0BTZ9Q45H/ref=zg_bsms_c_amazon-renewed_d_sccl_6/144-4279524-5111233?pd_rd_w=ePcCu&content-id=amzn1.sym.fef9af56-6177-46e9-8710-a5293a68dd39&pf_rd_p=fef9af56-6177-46e9-8710-a5293a68dd39&pf_rd_r=QD2CSXX74RGQYGJVSXSP&pd_rd_wg=iQI9G&pd_rd_r=249635a4-9c5f-4afe-82ea-575514d38a74&pd_rd_i=B0D87DNBMH&psc=1,"SAMSUNG Galaxy S22 5G (128GB, 8GB) 6.2'' AMOLED 2X, 50MP 4K Camera, Global Volte (Fully Unlocked for AT&T,…",$255.00,4.2 out of 5 stars,556,https://m.media-amazon.com/images/I/01jrA-8DXYL.gif,/SAMSUNG-Unlocked-Verizon-T-Mobile-Renewed/dp/B0BTZ9Q45H/ref=zg_bsms_c_amazon-renewed_d_sccl_6/144-4279524-5111233?pd_rd_w=ePcCu&content-id=amzn1.sym.fef9af56-6177-46e9-8710-a5293a68dd39&pf_rd_p=fef9af56-6177-46e9-8710-a5293a68dd39&pf_rd_r=QD2CSXX74RGQYGJVSXSP&pd_rd_wg=iQI9G&pd_rd_r=249635a4-9c5f-4afe-82ea-575514d38a74&pd_rd_i=B0D87DNBMH&psc=1,B0BTZ9Q45H,All Categories,255.0,4.2,556.0,trends,2025-05-17 16:28:38
/Air-Fryer-Nonstick-Temperature-Dishwasher/dp/B07R6TZMZL/ref=zg_bsms_c_kitchen_d_sccl_1/144-4279524-5111233?pd_rd_w=BCvX0&content-id=amzn1.sym.fef9af56-6177-46e9-8710-a5293a68dd39&pf_rd_p=fef9af56-6177-46e9-8710-a5293a68dd39&pf_rd_r=QD2CSXX74RGQYGJVSXSP&pd_rd_wg=iQI9G&pd_rd_r=249635a4-9c5f-4afe-82ea-575514d38a74&pd_rd_i=B0F8W9QS12&psc=1,"CHEFMAN Small Air Fryer Healthy Cooking, 3.6 Qt, Nonstick, User Friendly and Dual Control Temperature, w/ 60 Minute Timer…",$45.84-$129.99,Previous page,"43,875",https://m.media-amazon.com/images/I/01jrA-8DXYL.gif,/Air-Fryer-Nonstick-Temperature-Dishwasher/dp/B07R6TZMZL/ref=zg_bsms_c_kitchen_d_sccl_1/144-4279524-5111233?pd_rd_w=BCvX0&content-id=amzn1.sym.fef9af56-6177-46e9-8710-a5293a68dd39&pf_rd_p=fef9af56-6177-46e9-8710-a5293a68dd39&pf_rd_r=QD2CSXX74RGQYGJVSXSP&pd_rd_wg=iQI9G&pd_rd_r=249635a4-9c5f-4afe-82ea-575514d38a74&pd_rd_i=B0F8W9QS12&psc=1,B07R6TZMZL,All Categories,45.84,,43875.0,trends,2025-05-17 16:28:38
/Meat-Thermometer-Digital-Waterproof-Backlight/dp/B0DXKD9N67/ref=zg_bsms_c_kitchen_d_sccl_2/144-4279524-5111233?pd_rd_w=BCvX0&content-id=amzn1.sym.fef9af56-6177-46e9-8710-a5293a68dd39&pf_rd_p=fef9af56-6177-46e9-8710-a5293a68dd39&pf_rd_r=QD2CSXX74RGQYGJVSXSP&pd_rd_wg=iQI9G&pd_rd_r=249635a4-9c5f-4afe-82ea-575514d38a74&pd_rd_i=B0F8VNP7LH&psc=1,"Meat Thermometer Digital - Fast Instant Read Food Thermometer for Cooking, Candy Making, Outside Grill, IP67 Waterproof Kitchen…",$9.98-$16.99,4.5 out of 5 stars,"12,037",https://m.media-amazon.com/images/I/01jrA-8DXYL.gif,/Meat-Thermometer-Digital-Waterproof-Backlight/dp/B0DXKD9N67/ref=zg_bsms_c_kitchen_d_sccl_2/144-4279524-5111233?pd_rd_w=BCvX0&content-id=amzn1.sym.fef9af56-6177-46e9-8710-a5293a68dd39&pf_rd_p=fef9af56-6177-46e9-8710-a5293a68dd39&pf_rd_r=QD2CSXX74RGQYGJVSXSP&pd_rd_wg=iQI9G&pd_rd_r=249635a4-9c5f-4afe-82ea-575514d38a74&pd_rd_i=B0F8VNP7LH&psc=1,B0DXKD9N67,All Categories,9.98,4.5,12037.0,trends,2025-05-17 16:28:38
/Anchor-Hocking-Storage-Containers-microwave/dp/B0BW16XK9Y/ref=zg_bsms_c_kitchen_d_sccl_3/144-4279524-5111233?pd_rd_w=BCvX0&content-id=amzn1.sym.fef9af56-6177-46e9-8710-a5293a68dd39&pf_rd_p=fef9af56-6177-46e9-8710-a5293a68dd39&pf_rd_r=QD2CSXX74RGQYGJVSXSP&pd_rd_wg=iQI9G&pd_rd_r=249635a4-9c5f-4afe-82ea-575514d38a74&pd_rd_i=B0F66NTD3X&psc=1,"Anchor Hocking 2 Cup Glass Storage Containers with Lids, Set of 4 Glass Food Storage Containers with Mint SnugFit Lids",$8.45-$22.99,4.7 out of 5 stars,"2,524",https://m.media-amazon.com/images/I/01jrA-8DXYL.gif,/Anchor-Hocking-Storage-Containers-microwave/dp/B0BW16XK9Y/ref=zg_bsms_c_kitchen_d_sccl_3/144-4279524-5111233?pd_rd_w=BCvX0&content-id=amzn1.sym.fef9af56-6177-46e9-8710-a5293a68dd39&pf_rd_p=fef9af56-6177-46e9-8710-a5293a68dd39&pf_rd_r=QD2CSXX74RGQYGJVSXSP&pd_rd_wg=iQI9G&pd_rd_r=249635a4-9c5f-4afe-82ea-575514d38a74&pd_rd_i=B0F66NTD3X&psc=1,B0BW16XK9Y,All Categories,8.45,4.7,2524.0,trends,2025-05-17 16:28:38
/Owala-Insulation-Stainless-Resistant-Dishwasher/dp/B0CR5HLCVQ/ref=zg_bsms_c_kitchen_d_sccl_4/144-4279524-5111233?pd_rd_w=BCvX0&content-id=amzn1.sym.fef9af56-6177-46e9-8710-a5293a68dd39&pf_rd_p=fef9af56-6177-46e9-8710-a5293a68dd39&pf_rd_r=QD2CSXX74RGQYGJVSXSP&pd_rd_wg=iQI9G&pd_rd_r=249635a4-9c5f-4afe-82ea-575514d38a74&pd_rd_i=B0C8BRVWCF&psc=1,"Owala Kids Insulation Stainless Steel Tumbler with Spill Resistant Flexible Straw, Easy to Clean, Kids Water Bottle, Great for Travel,…",$17.63-$34.02,4.5 out of 5 stars,"2,050",https://m.media-amazon.com/images/I/01jrA-8DXYL.gif,/Owala-Insulation-Stainless-Resistant-Dishwasher/dp/B0CR5HLCVQ/ref=zg_bsms_c_kitchen_d_sccl_4/144-4279524-5111233?pd_rd_w=BCvX0&content-id=amzn1.sym.fef9af56-6177-46e9-8710-a5293a68dd39&pf_rd_p=fef9af56-6177-46e9-8710-a5293a68dd39&pf_rd_r=QD2CSXX74RGQYGJVSXSP&pd_rd_wg=iQI9G&pd_rd_r=249635a4-9c5f-4afe-82ea-575514d38a74&pd_rd_i=B0C8BRVWCF&psc=1,B0CR5HLCVQ,All Categories,17.63,4.5,2050.0,trends,2025-05-17 16:28:38
/AMMZO-Thermometer-Grilling-Waterproof-Backlight/dp/B09C32DYV1/ref=zg_bsms_c_kitchen_d_sccl_5/144-4279524-5111233?pd_rd_w=BCvX0&content-id=amzn1.sym.fef9af56-6177-46e9-8710-a5293a68dd39&pf_rd_p=fef9af56-6177-46e9-8710-a5293a68dd39&pf_rd_r=QD2CSXX74RGQYGJVSXSP&pd_rd_wg=iQI9G&pd_rd_r=249635a4-9c5f-4afe-82ea-575514d38a74&pd_rd_i=B0DLWCM344&psc=1,"AMMZO Meat Thermometer Digital, Instant Read Food Thermometer - Waterproof w/Backlight for Cooking Deep Fry BBQ Grill Smoker…",$13.48,4.6 out of 5 stars,"5,764",https://m.media-amazon.com/images/I/01jrA-8DXYL.gif,/AMMZO-Thermometer-Grilling-Waterproof-Backlight/dp/B09C32DYV1/ref=zg_bsms_c_kitchen_d_sccl_5/144-4279524-5111233?pd_rd_w=BCvX0&content-id=amzn1.sym.fef9af56-6177-46e9-8710-a5293a68dd39&pf_rd_p=fef9af56-6177-46e9-8710-a5293a68dd39&pf_rd_r=QD2CSXX74RGQYGJVSXSP&pd_rd_wg=iQI9G&pd_rd_r=249635a4-9c5f-4afe-82ea-575514d38a74&pd_rd_i=B0DLWCM344&psc=1,B09C32DYV1,All Categories,13.48,4.6,5764.0,trends,2025-05-17 16:28:38
/Cuisinart-TOA-70BKS-AirFryer-Oven-Grill/dp/B09HSW1YGD/ref=zg_bsms_c_kitchen_d_sccl_6/144-4279524-5111233?pd_rd_w=BCvX0&content-id=amzn1.sym.fef9af56-6177-46e9-8710-a5293a68dd39&pf_rd_p=fef9af56-6177-46e9-8710-a5293a68dd39&pf_rd_r=QD2CSXX74RGQYGJVSXSP&pd_rd_wg=iQI9G&pd_rd_r=249635a4-9c5f-4afe-82ea-575514d38a74&pd_rd_i=B0DZDY2W3W&psc=1,"Cuisinart Air Fryer + Convection Toaster Oven, 8-1 Oven with Bake, Grill, Broil & Warm Options, Black Stainless Steel, TOA-70BKS",$219.95,4.4 out of 5 stars,"5,008",https://m.media-amazon.com/images/I/01jrA-8DXYL.gif,/Cuisinart-TOA-70BKS-AirFryer-Oven-Grill/dp/B09HSW1YGD/ref=zg_bsms_c_kitchen_d_sccl_6/144-4279524-5111233?pd_rd_w=BCvX0&content-id=amzn1.sym.fef9af56-6177-46e9-8710-a5293a68dd39&pf_rd_p=fef9af56-6177-46e9-8710-a5293a68dd39&pf_rd_r=QD2CSXX74RGQYGJVSXSP&pd_rd_wg=iQI9G&pd_rd_r=249635a4-9c5f-4afe-82ea-575514d38a74&pd_rd_i=B0DZDY2W3W&psc=1,B09HSW1YGD,All Categories,219.95,4.4,5008.0,trends,2025-05-17 16:28:38
/drift-Car-Air-Freshener-Eliminator/dp/B0C1HD3FPJ/ref=zg_bsms_c_automotive_d_sccl_1/144-4279524-5111233?pd_rd_w=RSglF&content-id=amzn1.sym.fef9af56-6177-46e9-8710-a5293a68dd39&pf_rd_p=fef9af56-6177-46e9-8710-a5293a68dd39&pf_rd_r=QD2CSXX74RGQYGJVSXSP&pd_rd_wg=iQI9G&pd_rd_r=249635a4-9c5f-4afe-82ea-575514d38a74&pd_rd_i=B0CY3DWJ1P&psc=1,Drift Car Air Freshener - Wooden Deodorizer - Vehicle Odor Remover - Auto Scent Diffuser - Long-Lasting Car Freshening - Amber Scent…,$12.95-$30.95,Previous page,"9,584",https://m.media-amazon.com/images/I/01jrA-8DXYL.gif,/drift-Car-Air-Freshener-Eliminator/dp/B0C1HD3FPJ/ref=zg_bsms_c_automotive_d_sccl_1/144-4279524-5111233?pd_rd_w=RSglF&content-id=amzn1.sym.fef9af56-6177-46e9-8710-a5293a68dd39&pf_rd_p=fef9af56-6177-46e9-8710-a5293a68dd39&pf_rd_r=QD2CSXX74RGQYGJVSXSP&pd_rd_wg=iQI9G&pd_rd_r=249635a4-9c5f-4afe-82ea-575514d38a74&pd_rd_i=B0CY3DWJ1P&psc=1,B0C1HD3FPJ,All Categories,12.95,,9584.0,trends,2025-05-17 16:28:38
/Femuar-Organizer-Collapsible-Capacity-Waterproof/dp/B0C65N22Z2/ref=zg_bsms_c_automotive_d_sccl_2/144-4279524-5111233?pd_rd_w=RSglF&content-id=amzn1.sym.fef9af56-6177-46e9-8710-a5293a68dd39&pf_rd_p=fef9af56-6177-46e9-8710-a5293a68dd39&pf_rd_r=QD2CSXX74RGQYGJVSXSP&pd_rd_wg=iQI9G&pd_rd_r=249635a4-9c5f-4afe-82ea-575514d38a74&pd_rd_i=B0BVR1BFYD&psc=1,"Femuar Large Capacity Trunk Organizer, Waterproof Car Accessory, Non-Slip, Foldable, Suitable for All Vehicles, Black",$16.99-$39.99,4.5 out of 5 stars,57,https://m.media-amazon.com/images/I/01jrA-8DXYL.gif,/Femuar-Organizer-Collapsible-Capacity-Waterproof/dp/B0C65N22Z2/ref=zg_bsms_c_automotive_d_sccl_2/144-4279524-5111233?pd_rd_w=RSglF&content-id=amzn1.sym.fef9af56-6177-46e9-8710-a5293a68dd39&pf_rd_p=fef9af56-6177-46e9-8710-a5293a68dd39&pf_rd_r=QD2CSXX74RGQYGJVSXSP&pd_rd_wg=iQI9G&pd_rd_r=249635a4-9c5f-4afe-82ea-575514d38a74&pd_rd_i=B0BVR1BFYD&psc=1,B0C65N22Z2,All Categories,16.99,4.5,57.0,trends,2025-05-17 16:28:38
/ThermoMaven-Powerful-Propane-Torch-Adjustable/dp/B0DG2TP6TD/ref=zg_bsms_c_automotive_d_sccl_3/144-4279524-5111233?pd_rd_w=RSglF&content-id=amzn1.sym.fef9af56-6177-46e9-8710-a5293a68dd39&pf_rd_p=fef9af56-6177-46e9-8710-a5293a68dd39&pf_rd_r=QD2CSXX74RGQYGJVSXSP&pd_rd_wg=iQI9G&pd_rd_r=249635a4-9c5f-4afe-82ea-575514d38a74&pd_rd_i=B0DMTBBCHJ&psc=1,"ThermoMaven Powerful Propane Torch, Kitchen Cooking Torch, Culinary Torch Lighter, Adjustable Blow Torch for Sous Vide Searing…",$39.99,4.6 out of 5 stars,323,https://m.media-amazon.com/images/I/01jrA-8DXYL.gif,/ThermoMaven-Powerful-Propane-Torch-Adjustable/dp/B0DG2TP6TD/ref=zg_bsms_c_automotive_d_sccl_3/144-4279524-5111233?pd_rd_w=RSglF&content-id=amzn1.sym.fef9af56-6177-46e9-8710-a5293a68dd39&pf_rd_p=fef9af56-6177-46e9-8710-a5293a68dd39&pf_rd_r=QD2CSXX74RGQYGJVSXSP&pd_rd_wg=iQI9G&pd_rd_r=249635a4-9c5f-4afe-82ea-575514d38a74&pd_rd_i=B0DMTBBCHJ&psc=1,B0DG2TP6TD,All Categories,39.99,4.6,323.0,trends,2025-05-17 16:28:38
/EcoNour-Protection-Mosquito-Breathable-Blackout/dp/B01M4NRZAG/ref=zg_bsms_c_automotive_d_sccl_4/144-4279524-5111233?pd_rd_w=RSglF&content-id=amzn1.sym.fef9af56-6177-46e9-8710-a5293a68dd39&pf_rd_p=fef9af56-6177-46e9-8710-a5293a68dd39&pf_rd_r=QD2CSXX74RGQYGJVSXSP&pd_rd_wg=iQI9G&pd_rd_r=249635a4-9c5f-4afe-82ea-575514d38a74&pd_rd_i=B0DC6VZ3WB&psc=1,"EcoNour Car Window Screens for Camping (Pack of 2) | 100% Protection from Bugs, UV and Mosquito Net | Breathable Mesh…",$13.99-$25.99,4.2 out of 5 stars,"7,091",https://m.media-amazon.com/images/I/01jrA-8DXYL.gif,/EcoNour-Protection-Mosquito-Breathable-Blackout/dp/B01M4NRZAG/ref=zg_bsms_c_automotive_d_sccl_4/144-4279524-5111233?pd_rd_w=RSglF&content-id=amzn1.sym.fef9af56-6177-46e9-8710-a5293a68dd39&pf_rd_p=fef9af56-6177-46e9-8710-a5293a68dd39&pf_rd_r=QD2CSXX74RGQYGJVSXSP&pd_rd_wg=iQI9G&pd_rd_r=249635a4-9c5f-4afe-82ea-575514d38a74&pd_rd_i=B0DC6VZ3WB&psc=1,B01M4NRZAG,All Categories,13.99,4.2,7091.0,trends,2025-05-17 16:28:38
/ANCEL-AD310-Enhanced-Universal-Diagnostic/dp/B01G5EA74I/ref=zg_bsms_c_automotive_d_sccl_5/144-4279524-5111233?pd_rd_w=RSglF&content-id=amzn1.sym.fef9af56-6177-46e9-8710-a5293a68dd39&pf_rd_p=fef9af56-6177-46e9-8710-a5293a68dd39&pf_rd_r=QD2CSXX74RGQYGJVSXSP&pd_rd_wg=iQI9G&pd_rd_r=249635a4-9c5f-4afe-82ea-575514d38a74&pd_rd_i=B01G5EA74I&psc=1,"ANCEL AD310 Classic Enhanced Universal OBD II Scanner Car Engine Fault Code Reader CAN Diagnostic Scan Tool, Read and…",$26.99,4.6 out of 5 stars,"54,121",https://m.media-amazon.com/images/I/01jrA-8DXYL.gif,/ANCEL-AD310-Enhanced-Universal-Diagnostic/dp/B01G5EA74I/ref=zg_bsms_c_automotive_d_sccl_5/144-4279524-5111233?pd_rd_w=RSglF&content-id=amzn1.sym.fef9af56-6177-46e9-8710-a5293a68dd39&pf_rd_p=fef9af56-6177-46e9-8710-a5293a68dd39&pf_rd_r=QD2CSXX74RGQYGJVSXSP&pd_rd_wg=iQI9G&pd_rd_r=249635a4-9c5f-4afe-82ea-575514d38a74&pd_rd_i=B01G5EA74I&psc=1,B01G5EA74I,All Categories,26.99,4.6,54121.0,trends,2025-05-17 16:28:38
/Proadsy-Windshield-Protector-2016-2022-Accessories/dp/B0CJRPN9GV/ref=zg_bsms_c_automotive_d_sccl_6/144-4279524-5111233?pd_rd_w=RSglF&content-id=amzn1.sym.fef9af56-6177-46e9-8710-a5293a68dd39&pf_rd_p=fef9af56-6177-46e9-8710-a5293a68dd39&pf_rd_r=QD2CSXX74RGQYGJVSXSP&pd_rd_wg=iQI9G&pd_rd_r=249635a4-9c5f-4afe-82ea-575514d38a74&pd_rd_i=B0DNJKXTFT&psc=1,Proadsy Front Windshield Sun Shade Foldable Sunshade Protector Custom Fit 2016-2022 BMW X1 F48 Accessories 2025…,$21.99,4.6 out of 5 stars,"13,611",https://m.media-amazon.com/images/I/01jrA-8DXYL.gif,/Proadsy-Windshield-Protector-2016-2022-Accessories/dp/B0CJRPN9GV/ref=zg_bsms_c_automotive_d_sccl_6/144-4279524-5111233?pd_rd_w=RSglF&content-id=amzn1.sym.fef9af56-6177-46e9-8710-a5293a68dd39&pf_rd_p=fef9af56-6177-46e9-8710-a5293a68dd39&pf_rd_r=QD2CSXX74RGQYGJVSXSP&pd_rd_wg=iQI9G&pd_rd_r=249635a4-9c5f-4afe-82ea-575514d38a74&pd_rd_i=B0DNJKXTFT&psc=1,B0CJRPN9GV,All Categories,21.99,4.6,13611.0,trends,2025-05-17 16:28:38
/Skechers-149937-Summits-Black-White/dp/B0BHDD7D59/ref=zg_bsms_c_fashion_d_sccl_1/144-4279524-5111233?pd_rd_w=8F4ET&content-id=amzn1.sym.fef9af56-6177-46e9-8710-a5293a68dd39&pf_rd_p=fef9af56-6177-46e9-8710-a5293a68dd39&pf_rd_r=QD2CSXX74RGQYGJVSXSP&pd_rd_wg=iQI9G&pd_rd_r=249635a4-9c5f-4afe-82ea-575514d38a74&pd_rd_i=B0DFD2GXLM&psc=1,Skechers Women's Sneakers,$31.62-$45.00,Previous page,"12,116",https://m.media-amazon.com/images/I/01jrA-8DXYL.gif,/Skechers-149937-Summits-Black-White/dp/B0BHDD7D59/ref=zg_bsms_c_fashion_d_sccl_1/144-4279524-5111233?pd_rd_w=8F4ET&content-id=amzn1.sym.fef9af56-6177-46e9-8710-a5293a68dd39&pf_rd_p=fef9af56-6177-46e9-8710-a5293a68dd39&pf_rd_r=QD2CSXX74RGQYGJVSXSP&pd_rd_wg=iQI9G&pd_rd_r=249635a4-9c5f-4afe-82ea-575514d38a74&pd_rd_i=B0DFD2GXLM&psc=1,B0BHDD7D59,All Categories,31.62,,12116.0,trends,2025-05-17 16:28:38
/Walifrey-Leggings-Pockets-Waisted-Workout/dp/B0CBS1RSBD/ref=zg_bsms_c_fashion_d_sccl_2/144-4279524-5111233?pd_rd_w=8F4ET&content-id=amzn1.sym.fef9af56-6177-46e9-8710-a5293a68dd39&pf_rd_p=fef9af56-6177-46e9-8710-a5293a68dd39&pf_rd_r=QD2CSXX74RGQYGJVSXSP&pd_rd_wg=iQI9G&pd_rd_r=249635a4-9c5f-4afe-82ea-575514d38a74&pd_rd_i=B0D8VG35TW&psc=1,"Walifrey Leggings with Pockets for Women, High Waisted Buttery Soft Womens Leggings for Gym Yoga Workout",$7.99-$9.99,4.3 out of 5 stars,"1,198",https://m.media-amazon.com/images/I/01jrA-8DXYL.gif,/Walifrey-Leggings-Pockets-Waisted-Workout/dp/B0CBS1RSBD/ref=zg_bsms_c_fashion_d_sccl_2/144-4279524-5111233?pd_rd_w=8F4ET&content-id=amzn1.sym.fef9af56-6177-46e9-8710-a5293a68dd39&pf_rd_p=fef9af56-6177-46e9-8710-a5293a68dd39&pf_rd_r=QD2CSXX74RGQYGJVSXSP&pd_rd_wg=iQI9G&pd_rd_r=249635a4-9c5f-4afe-82ea-575514d38a74&pd_rd_i=B0D8VG35TW&psc=1,B0CBS1RSBD,All Categories,7.99,4.3,1198.0,trends,2025-05-17 16:28:38
/ANRABESS-Workout-Athleisure-Outfits-Vacation/dp/B0CBJXCJJ3/ref=zg_bsms_c_fashion_d_sccl_3/144-4279524-5111233?pd_rd_w=8F4ET&content-id=amzn1.sym.fef9af56-6177-46e9-8710-a5293a68dd39&pf_rd_p=fef9af56-6177-46e9-8710-a5293a68dd39&pf_rd_r=QD2CSXX74RGQYGJVSXSP&pd_rd_wg=iQI9G&pd_rd_r=249635a4-9c5f-4afe-82ea-575514d38a74&pd_rd_i=B0C69HY6XP&psc=1,ANRABESS Women Athletic Dress Summer Tennis Workout Active Sports Mini Romper Dress Built in Shorts Travel Vacation Clothes,$23.99-$26.99,4.3 out of 5 stars,"2,625",https://m.media-amazon.com/images/I/01jrA-8DXYL.gif,/ANRABESS-Workout-Athleisure-Outfits-Vacation/dp/B0CBJXCJJ3/ref=zg_bsms_c_fashion_d_sccl_3/144-4279524-5111233?pd_rd_w=8F4ET&content-id=amzn1.sym.fef9af56-6177-46e9-8710-a5293a68dd39&pf_rd_p=fef9af56-6177-46e9-8710-a5293a68dd39&pf_rd_r=QD2CSXX74RGQYGJVSXSP&pd_rd_wg=iQI9G&pd_rd_r=249635a4-9c5f-4afe-82ea-575514d38a74&pd_rd_i=B0C69HY6XP&psc=1,B0CBJXCJJ3,All Categories,23.99,4.3,2625.0,trends,2025-05-17 16:28:38
/ATHMILE-Womens-Oversized-Shirts-Crewneck/dp/B0CP54RHCZ/ref=zg_bsms_c_fashion_d_sccl_4/144-4279524-5111233?pd_rd_w=8F4ET&content-id=amzn1.sym.fef9af56-6177-46e9-8710-a5293a68dd39&pf_rd_p=fef9af56-6177-46e9-8710-a5293a68dd39&pf_rd_r=QD2CSXX74RGQYGJVSXSP&pd_rd_wg=iQI9G&pd_rd_r=249635a4-9c5f-4afe-82ea-575514d38a74&pd_rd_i=B0CP5CQPD1&psc=1,ATHMILE Womens Oversized T Shirts Summer Tops Spring Casual Loose Fit Workout Short Sleeve 2025 Beach Vacation,$14.99,4.2 out of 5 stars,"2,267",https://m.media-amazon.com/images/I/01jrA-8DXYL.gif,/ATHMILE-Womens-Oversized-Shirts-Crewneck/dp/B0CP54RHCZ/ref=zg_bsms_c_fashion_d_sccl_4/144-4279524-5111233?pd_rd_w=8F4ET&content-id=amzn1.sym.fef9af56-6177-46e9-8710-a5293a68dd39&pf_rd_p=fef9af56-6177-46e9-8710-a5293a68dd39&pf_rd_r=QD2CSXX74RGQYGJVSXSP&pd_rd_wg=iQI9G&pd_rd_r=249635a4-9c5f-4afe-82ea-575514d38a74&pd_rd_i=B0CP5CQPD1&psc=1,B0CP54RHCZ,All Categories,14.99,4.2,2267.0,trends,2025-05-17 16:28:38
/Womens-Summer-Sleeveless-Button-Casual/dp/B0D2WSHFF6/ref=zg_bsms_c_fashion_d_sccl_5/144-4279524-5111233?pd_rd_w=8F4ET&content-id=amzn1.sym.fef9af56-6177-46e9-8710-a5293a68dd39&pf_rd_p=fef9af56-6177-46e9-8710-a5293a68dd39&pf_rd_r=QD2CSXX74RGQYGJVSXSP&pd_rd_wg=iQI9G&pd_rd_r=249635a4-9c5f-4afe-82ea-575514d38a74&pd_rd_i=B0CYFVNQZ1&psc=1,"Womens Tank Tops, 2 Pack Summer Tank Tops for Women 2025, Sleeveless U Neck Loose Button Casual Henley Tops Shirts",$21.59-$26.99,4.2 out of 5 stars,"1,091",https://m.media-amazon.com/images/I/01jrA-8DXYL.gif,/Womens-Summer-Sleeveless-Button-Casual/dp/B0D2WSHFF6/ref=zg_bsms_c_fashion_d_sccl_5/144-4279524-5111233?pd_rd_w=8F4ET&content-id=amzn1.sym.fef9af56-6177-46e9-8710-a5293a68dd39&pf_rd_p=fef9af56-6177-46e9-8710-a5293a68dd39&pf_rd_r=QD2CSXX74RGQYGJVSXSP&pd_rd_wg=iQI9G&pd_rd_r=249635a4-9c5f-4afe-82ea-575514d38a74&pd_rd_i=B0CYFVNQZ1&psc=1,B0D2WSHFF6,All Categories,21.59,4.2,1091.0,trends,2025-05-17 16:28:38
/ANRABESS-Womens-Sleeve-Blouses-Clothes/dp/B0DSB5VPV5/ref=zg_bsms_c_fashion_d_sccl_6/144-4279524-5111233?pd_rd_w=8F4ET&content-id=amzn1.sym.fef9af56-6177-46e9-8710-a5293a68dd39&pf_rd_p=fef9af56-6177-46e9-8710-a5293a68dd39&pf_rd_r=QD2CSXX74RGQYGJVSXSP&pd_rd_wg=iQI9G&pd_rd_r=249635a4-9c5f-4afe-82ea-575514d38a74&pd_rd_i=B0DJJQ8NL1&psc=1,ANRABESS Womens Short Sleeve Henley Tops V Neck Dressy Casual Loose Fit Shirts Summer Flowy Blouses 2025 Trendy Clothes,$14.97-$14.99,4.3 out of 5 stars,605,https://m.media-amazon.com/images/I/01jrA-8DXYL.gif,/ANRABESS-Womens-Sleeve-Blouses-Clothes/dp/B0DSB5VPV5/ref=zg_bsms_c_fashion_d_sccl_6/144-4279524-5111233?pd_rd_w=8F4ET&content-id=amzn1.sym.fef9af56-6177-46e9-8710-a5293a68dd39&pf_rd_p=fef9af56-6177-46e9-8710-a5293a68dd39&pf_rd_r=QD2CSXX74RGQYGJVSXSP&pd_rd_wg=iQI9G&pd_rd_r=249635a4-9c5f-4afe-82ea-575514d38a74&pd_rd_i=B0DJJQ8NL1&psc=1,B0DSB5VPV5,All Categories,14.97,4.3,605.0,trends,2025-05-17 16:28:38
/Apple-Barrel-Acrylic-Assorted-21484/dp/B00889ZAP0/ref=zg_bsms_c_arts-crafts_d_sccl_1/144-4279524-5111233?pd_rd_w=Ra2bC&content-id=amzn1.sym.fef9af56-6177-46e9-8710-a5293a68dd39&pf_rd_p=fef9af56-6177-46e9-8710-a5293a68dd39&pf_rd_r=QD2CSXX74RGQYGJVSXSP&pd_rd_wg=iQI9G&pd_rd_r=249635a4-9c5f-4afe-82ea-575514d38a74&pd_rd_i=B00N9RE2E6&psc=1,"Apple Barrel Acrylic Paint in Assorted Colors (2 oz), 21484, Admiral Blue",$0.58-$14.99,Previous page,"42,700",https://m.media-amazon.com/images/I/01jrA-8DXYL.gif,/Apple-Barrel-Acrylic-Assorted-21484/dp/B00889ZAP0/ref=zg_bsms_c_arts-crafts_d_sccl_1/144-4279524-5111233?pd_rd_w=Ra2bC&content-id=amzn1.sym.fef9af56-6177-46e9-8710-a5293a68dd39&pf_rd_p=fef9af56-6177-46e9-8710-a5293a68dd39&pf_rd_r=QD2CSXX74RGQYGJVSXSP&pd_rd_wg=iQI9G&pd_rd_r=249635a4-9c5f-4afe-82ea-575514d38a74&pd_rd_i=B00N9RE2E6&psc=1,B00889ZAP0,All Categories,0.58,,42700.0,trends,2025-05-17 16:28:38
/Acrylic-Markers-Metallic-Calligraphy-Painting/dp/B0D6YF4PY9/ref=zg_bsms_c_arts-crafts_d_sccl_2/144-4279524-5111233?pd_rd_w=Ra2bC&content-id=amzn1.sym.fef9af56-6177-46e9-8710-a5293a68dd39&pf_rd_p=fef9af56-6177-46e9-8710-a5293a68dd39&pf_rd_r=QD2CSXX74RGQYGJVSXSP&pd_rd_wg=iQI9G&pd_rd_r=249635a4-9c5f-4afe-82ea-575514d38a74&pd_rd_i=B0CQ89CFGJ&psc=1,"120 Colors Acrylic Paint Markers, Dual Tip Fine Tip and Brush Tip Pens Contain 24 Metallic Color for Stone, Wood, Calligraphy,…",$7.98-$45.98,4.6 out of 5 stars,"1,399",https://m.media-amazon.com/images/I/01jrA-8DXYL.gif,/Acrylic-Markers-Metallic-Calligraphy-Painting/dp/B0D6YF4PY9/ref=zg_bsms_c_arts-crafts_d_sccl_2/144-4279524-5111233?pd_rd_w=Ra2bC&content-id=amzn1.sym.fef9af56-6177-46e9-8710-a5293a68dd39&pf_rd_p=fef9af56-6177-46e9-8710-a5293a68dd39&pf_rd_r=QD2CSXX74RGQYGJVSXSP&pd_rd_wg=iQI9G&pd_rd_r=249635a4-9c5f-4afe-82ea-575514d38a74&pd_rd_i=B0CQ89CFGJ&psc=1,B0D6YF4PY9,All Categories,7.98,4.6,1399.0,trends,2025-05-17 16:28:38
/KHKD-RESIN-Epoxica-Odorless-Resistance/dp/B0D2H5SLYX/ref=zg_bsms_c_arts-crafts_d_sccl_3/144-4279524-5111233?pd_rd_w=Ra2bC&content-id=amzn1.sym.fef9af56-6177-46e9-8710-a5293a68dd39&pf_rd_p=fef9af56-6177-46e9-8710-a5293a68dd39&pf_rd_r=QD2CSXX74RGQYGJVSXSP&pd_rd_wg=iQI9G&pd_rd_r=249635a4-9c5f-4afe-82ea-575514d38a74&pd_rd_i=B0D2H54VMF&psc=1,"Resin Epoxy, KHKD RESIN 1 Gallon Epoxy Resin Kit- 2 Part Crystal Clear Resina Epoxica - High Gloss Odorless, UV & Impact…",$14.99-$99.99,4.4 out of 5 stars,434,https://m.media-amazon.com/images/I/01jrA-8DXYL.gif,/KHKD-RESIN-Epoxica-Odorless-Resistance/dp/B0D2H5SLYX/ref=zg_bsms_c_arts-crafts_d_sccl_3/144-4279524-5111233?pd_rd_w=Ra2bC&content-id=amzn1.sym.fef9af56-6177-46e9-8710-a5293a68dd39&pf_rd_p=fef9af56-6177-46e9-8710-a5293a68dd39&pf_rd_r=QD2CSXX74RGQYGJVSXSP&pd_rd_wg=iQI9G&pd_rd_r=249635a4-9c5f-4afe-82ea-575514d38a74&pd_rd_i=B0D2H54VMF&psc=1,B0D2H5SLYX,All Categories,14.99,4.4,434.0,trends,2025-05-17 16:28:38
/Neenah-Cardstock-Heavy-Weight-Brightness-91437/dp/B07D4YF3K4/ref=zg_bsms_c_arts-crafts_d_sccl_4/144-4279524-5111233?pd_rd_w=Ra2bC&content-id=amzn1.sym.fef9af56-6177-46e9-8710-a5293a68dd39&pf_rd_p=fef9af56-6177-46e9-8710-a5293a68dd39&pf_rd_r=QD2CSXX74RGQYGJVSXSP&pd_rd_wg=iQI9G&pd_rd_r=249635a4-9c5f-4afe-82ea-575514d38a74&pd_rd_i=B00UOLMSQY&psc=1,"Neenah Index Cardstock, 8.5"" x 11"", 90 lb/163 gsm, White, Lightweight, 94 Brightness, 300 Sheets (91437)",$12.99-$25.98,4.6 out of 5 stars,"14,262",https://m.media-amazon.com/images/I/01jrA-8DXYL.gif,/Neenah-Cardstock-Heavy-Weight-Brightness-91437/dp/B07D4YF3K4/ref=zg_bsms_c_arts-crafts_d_sccl_4/144-4279524-5111233?pd_rd_w=Ra2bC&content-id=amzn1.sym.fef9af56-6177-46e9-8710-a5293a68dd39&pf_rd_p=fef9af56-6177-46e9-8710-a5293a68dd39&pf_rd_r=QD2CSXX74RGQYGJVSXSP&pd_rd_wg=iQI9G&pd_rd_r=249635a4-9c5f-4afe-82ea-575514d38a74&pd_rd_i=B00UOLMSQY&psc=1,B07D4YF3K4,All Categories,12.99,4.6,14262.0,trends,2025-05-17 16:28:38
/KEFF-Canvas-Boards-Painting-Watercolor/dp/B0D5NZF8VN/ref=zg_bsms_c_arts-crafts_d_sccl_5/144-4279524-5111233?pd_rd_w=Ra2bC&content-id=amzn1.sym.fef9af56-6177-46e9-8710-a5293a68dd39&pf_rd_p=fef9af56-6177-46e9-8710-a5293a68dd39&pf_rd_r=QD2CSXX74RGQYGJVSXSP&pd_rd_wg=iQI9G&pd_rd_r=249635a4-9c5f-4afe-82ea-575514d38a74&pd_rd_i=B0DXFWSRZ5&psc=1,"KEFF Canvas Boards for Painting - 3x5 2-Pack Bulk Canvas Pack, 100% Cotton Triple Primed Small Canvases for Painting Supplies,…",$1.99-$8.99,4.8 out of 5 stars,"7,604",https://m.media-amazon.com/images/I/01jrA-8DXYL.gif,/KEFF-Canvas-Boards-Painting-Watercolor/dp/B0D5NZF8VN/ref=zg_bsms_c_arts-crafts_d_sccl_5/144-4279524-5111233?pd_rd_w=Ra2bC&content-id=amzn1.sym.fef9af56-6177-46e9-8710-a5293a68dd39&pf_rd_p=fef9af56-6177-46e9-8710-a5293a68dd39&pf_rd_r=QD2CSXX74RGQYGJVSXSP&pd_rd_wg=iQI9G&pd_rd_r=249635a4-9c5f-4afe-82ea-575514d38a74&pd_rd_i=B0DXFWSRZ5&psc=1,B0D5NZF8VN,All Categories,1.99,4.8,7604.0,trends,2025-05-17 16:28:38
/JOYIN-Non-Toxic-Ultimate-Including-Superbowl/dp/B075FH22G4/ref=zg_bsms_c_arts-crafts_d_sccl_6/144-4279524-5111233?pd_rd_w=Ra2bC&content-id=amzn1.sym.fef9af56-6177-46e9-8710-a5293a68dd39&pf_rd_p=fef9af56-6177-46e9-8710-a5293a68dd39&pf_rd_r=QD2CSXX74RGQYGJVSXSP&pd_rd_wg=iQI9G&pd_rd_r=249635a4-9c5f-4afe-82ea-575514d38a74&pd_rd_i=B0F5QWRRJK&psc=1,JOYIN 24 Colors Face Paint Safe & Non-Toxic Face and Body Crayons (Large Size 3 inch) Ultimate Party Pack Including 6 Metallic Colors…,$8.98,4.2 out of 5 stars,"5,669",https://m.media-amazon.com/images/I/01jrA-8DXYL.gif,/JOYIN-Non-Toxic-Ultimate-Including-Superbowl/dp/B075FH22G4/ref=zg_bsms_c_arts-crafts_d_sccl_6/144-4279524-5111233?pd_rd_w=Ra2bC&content-id=amzn1.sym.fef9af56-6177-46e9-8710-a5293a68dd39&pf_rd_p=fef9af56-6177-46e9-8710-a5293a68dd39&pf_rd_r=QD2CSXX74RGQYGJVSXSP&pd_rd_wg=iQI9G&pd_rd_r=249635a4-9c5f-4afe-82ea-575514d38a74&pd_rd_i=B0F5QWRRJK&psc=1,B075FH22G4,All Categories,8.98,4.2,5669.0,trends,2025-05-17 16:28:38
/Sweetcrispy-Countertop-Ice-Maker-Self-Cleaning/dp/B0F6LFJZ46/ref=zg_bsms_c_appliances_d_sccl_1/144-4279524-5111233?pd_rd_w=qNFR3&content-id=amzn1.sym.fef9af56-6177-46e9-8710-a5293a68dd39&pf_rd_p=fef9af56-6177-46e9-8710-a5293a68dd39&pf_rd_r=QD2CSXX74RGQYGJVSXSP&pd_rd_wg=iQI9G&pd_rd_r=249635a4-9c5f-4afe-82ea-575514d38a74&pd_rd_i=B0F8W7F596&psc=1,"Sweetcrispy Countertop Ice Maker - 9 Cubes in 6 Mins, 26lbs/24Hrs, 2-Size Bullet Ice, Self-Cleaning Portable Ice Machine with Quiet…",$54.99,Previous page,3,https://m.media-amazon.com/images/I/01jrA-8DXYL.gif,/Sweetcrispy-Countertop-Ice-Maker-Self-Cleaning/dp/B0F6LFJZ46/ref=zg_bsms_c_appliances_d_sccl_1/144-4279524-5111233?pd_rd_w=qNFR3&content-id=amzn1.sym.fef9af56-6177-46e9-8710-a5293a68dd39&pf_rd_p=fef9af56-6177-46e9-8710-a5293a68dd39&pf_rd_r=QD2CSXX74RGQYGJVSXSP&pd_rd_wg=iQI9G&pd_rd_r=249635a4-9c5f-4afe-82ea-575514d38a74&pd_rd_i=B0F8W7F596&psc=1,B0F6LFJZ46,All Categories,54.99,,3.0,trends,2025-05-17 16:28:38
/Silonn-Ice-Makers-Countertop-Auto-Cleaning/dp/B0DPQ7F91F/ref=zg_bsms_c_appliances_d_sccl_2/144-4279524-5111233?pd_rd_w=qNFR3&content-id=amzn1.sym.fef9af56-6177-46e9-8710-a5293a68dd39&pf_rd_p=fef9af56-6177-46e9-8710-a5293a68dd39&pf_rd_r=QD2CSXX74RGQYGJVSXSP&pd_rd_wg=iQI9G&pd_rd_r=249635a4-9c5f-4afe-82ea-575514d38a74&pd_rd_i=B0DPQ7F91F&psc=1,"Silonn Ice Makers Countertop - Auto-Cleaning Portable Ice Maker Machine, 26lbs in 24Hrs, 2 Sizes of Bullet Ice for Home Kitchen Office…",$48.54,4.6 out of 5 stars,3,https://m.media-amazon.com/images/I/01jrA-8DXYL.gif,/Silonn-Ice-Makers-Countertop-Auto-Cleaning/dp/B0DPQ7F91F/ref=zg_bsms_c_appliances_d_sccl_2/144-4279524-5111233?pd_rd_w=qNFR3&content-id=amzn1.sym.fef9af56-6177-46e9-8710-a5293a68dd39&pf_rd_p=fef9af56-6177-46e9-8710-a5293a68dd39&pf_rd_r=QD2CSXX74RGQYGJVSXSP&pd_rd_wg=iQI9G&pd_rd_r=249635a4-9c5f-4afe-82ea-575514d38a74&pd_rd_i=B0DPQ7F91F&psc=1,B0DPQ7F91F,All Categories,48.54,4.6,3.0,trends,2025-05-17 16:28:38
/Kenmore-24-Stainless-Dishwasher-Adjustable/dp/B0CFPSTQ78/ref=zg_bsms_c_appliances_d_sccl_3/144-4279524-5111233?pd_rd_w=qNFR3&content-id=amzn1.sym.fef9af56-6177-46e9-8710-a5293a68dd39&pf_rd_p=fef9af56-6177-46e9-8710-a5293a68dd39&pf_rd_r=QD2CSXX74RGQYGJVSXSP&pd_rd_wg=iQI9G&pd_rd_r=249635a4-9c5f-4afe-82ea-575514d38a74&pd_rd_i=B0CPZPB1Z3&psc=1,"Kenmore 24"" Built-In Stainless Steel Tub Dishwasher with SmartWash, Smart Dry, and MoreSpace Adjustable Rack, Energy Star Certified, Black",,3.6 out of 5 stars,109,https://m.media-amazon.com/images/I/01jrA-8DXYL.gif,/Kenmore-24-Stainless-Dishwasher-Adjustable/dp/B0CFPSTQ78/ref=zg_bsms_c_appliances_d_sccl_3/144-4279524-5111233?pd_rd_w=qNFR3&content-id=amzn1.sym.fef9af56-6177-46e9-8710-a5293a68dd39&pf_rd_p=fef9af56-6177-46e9-8710-a5293a68dd39&pf_rd_r=QD2CSXX74RGQYGJVSXSP&pd_rd_wg=iQI9G&pd_rd_r=249635a4-9c5f-4afe-82ea-575514d38a74&pd_rd_i=B0CPZPB1Z3&psc=1,B0CFPSTQ78,All Categories,,3.6,109.0,trends,2025-05-17 16:28:38
/Countertop-HOMEZAY-Chewable-Self-Cleaning-Indicator/dp/B0DDXLJLMF/ref=zg_bsms_c_appliances_d_sccl_4/144-4279524-5111233?pd_rd_w=qNFR3&content-id=amzn1.sym.fef9af56-6177-46e9-8710-a5293a68dd39&pf_rd_p=fef9af56-6177-46e9-8710-a5293a68dd39&pf_rd_r=QD2CSXX74RGQYGJVSXSP&pd_rd_wg=iQI9G&pd_rd_r=249635a4-9c5f-4afe-82ea-575514d38a74&pd_rd_i=B0DDXLJLMF&psc=1,"Nugget Ice Maker Countertop, HOMEZAY Pebble Ice Maker with Soft Chewable Pellet Ice, 33 lbs per Day, Compact Ice Machine with…",$129.99,4.1 out of 5 stars,191,https://m.media-amazon.com/images/I/01jrA-8DXYL.gif,/Countertop-HOMEZAY-Chewable-Self-Cleaning-Indicator/dp/B0DDXLJLMF/ref=zg_bsms_c_appliances_d_sccl_4/144-4279524-5111233?pd_rd_w=qNFR3&content-id=amzn1.sym.fef9af56-6177-46e9-8710-a5293a68dd39&pf_rd_p=fef9af56-6177-46e9-8710-a5293a68dd39&pf_rd_r=QD2CSXX74RGQYGJVSXSP&pd_rd_wg=iQI9G&pd_rd_r=249635a4-9c5f-4afe-82ea-575514d38a74&pd_rd_i=B0DDXLJLMF&psc=1,B0DDXLJLMF,All Categories,129.99,4.1,191.0,trends,2025-05-17 16:28:38
/YITAHOME-Commercial-Machine-Freestanding-Stainless/dp/B0DYHXS6PC/ref=zg_bsms_c_appliances_d_sccl_5/144-4279524-5111233?pd_rd_w=qNFR3&content-id=amzn1.sym.fef9af56-6177-46e9-8710-a5293a68dd39&pf_rd_p=fef9af56-6177-46e9-8710-a5293a68dd39&pf_rd_r=QD2CSXX74RGQYGJVSXSP&pd_rd_wg=iQI9G&pd_rd_r=249635a4-9c5f-4afe-82ea-575514d38a74&pd_rd_i=B0F2GQTLS3&psc=1,"YITAHOME 2 Way Water Inlet Commercial Ice Maker Machine 100LBS/24H with 33LBS Storage Bin, Under Counter Ice Machine…",$296.99,4.7 out of 5 stars,4,https://m.media-amazon.com/images/I/01jrA-8DXYL.gif,/YITAHOME-Commercial-Machine-Freestanding-Stainless/dp/B0DYHXS6PC/ref=zg_bsms_c_appliances_d_sccl_5/144-4279524-5111233?pd_rd_w=qNFR3&content-id=amzn1.sym.fef9af56-6177-46e9-8710-a5293a68dd39&pf_rd_p=fef9af56-6177-46e9-8710-a5293a68dd39&pf_rd_r=QD2CSXX74RGQYGJVSXSP&pd_rd_wg=iQI9G&pd_rd_r=249635a4-9c5f-4afe-82ea-575514d38a74&pd_rd_i=B0F2GQTLS3&psc=1,B0DYHXS6PC,All Categories,296.99,4.7,4.0,trends,2025-05-17 16:28:38
/Comfee-CVP36W4AST-Convertible-Stainless-Permanent/dp/B09V6V5RTK/ref=zg_bsms_c_appliances_d_sccl_6/144-4279524-5111233?pd_rd_w=qNFR3&content-id=amzn1.sym.fef9af56-6177-46e9-8710-a5293a68dd39&pf_rd_p=fef9af56-6177-46e9-8710-a5293a68dd39&pf_rd_r=QD2CSXX74RGQYGJVSXSP&pd_rd_wg=iQI9G&pd_rd_r=249635a4-9c5f-4afe-82ea-575514d38a74&pd_rd_i=B0DB5LN2V3&psc=1,Comfee CVP36W4AST 36 Inch Ductless/Ducted Convertible Pyramid 350 CFM Wall Mount Vent Stainless Steel Kitchen 3 Speed…,$129.00,4.1 out of 5 stars,606,https://m.media-amazon.com/images/I/01jrA-8DXYL.gif,/Comfee-CVP36W4AST-Convertible-Stainless-Permanent/dp/B09V6V5RTK/ref=zg_bsms_c_appliances_d_sccl_6/144-4279524-5111233?pd_rd_w=qNFR3&content-id=amzn1.sym.fef9af56-6177-46e9-8710-a5293a68dd39&pf_rd_p=fef9af56-6177-46e9-8710-a5293a68dd39&pf_rd_r=QD2CSXX74RGQYGJVSXSP&pd_rd_wg=iQI9G&pd_rd_r=249635a4-9c5f-4afe-82ea-575514d38a74&pd_rd_i=B0DB5LN2V3&psc=1,B09V6V5RTK,All Categories,129.0,4.1,606.0,trends,2025-05-17 16:28:38
/Magnetic-Organizer-Adhesive-Management-Nightstand/dp/B0CBRK59J7/ref=zg_bsms_g_electronics_d_sccl_1/144-4279524-5111233?psc=1,"8 Pack Cord Organizer Holder,Costop Strong Adhesive Desk Cable Management Magnetic Easy Open,Organize Phone Charging Cords Wire Holder Organizer Neatly for Home,Office,Car,Desk,Nightstand",$7.92,4.6 out of 5 stars,"3,780",https://m.media-amazon.com/images/I/01jrA-8DXYL.gif,/Magnetic-Organizer-Adhesive-Management-Nightstand/dp/B0CBRK59J7/ref=zg_bsms_g_electronics_d_sccl_1/144-4279524-5111233?psc=1,B0CBRK59J7,Electronics,7.92,4.6,3780.0,trends,2025-05-17 16:28:38
/Sony-WH-1000XM6-Headphones-Microphones-Studio-Quality/dp/B0F3PQHWTZ/ref=zg_bsms_g_electronics_d_sccl_2/144-4279524-5111233?psc=1,"Sony WH-1000XM6 The Best Wireless Noise Canceling Headphones, HD NC Processor QN3, 12 Microphones, Adaptive NC Optimizer, Mastered by Engineers, Studio-Quality, 30-Hour Battery, Black",$448.00,,,https://m.media-amazon.com/images/I/01jrA-8DXYL.gif,/Sony-WH-1000XM6-Headphones-Microphones-Studio-Quality/dp/B0F3PQHWTZ/ref=zg_bsms_g_electronics_d_sccl_2/144-4279524-5111233?psc=1,B0F3PQHWTZ,Electronics,448.0,,,trends,2025-05-17 16:28:38
/Sony-WH-1000XM6-Headphones-Microphones-Studio-Quality/dp/B0F3PT1VBL/ref=zg_bsms_g_electronics_d_sccl_3/144-4279524-5111233?psc=1,"Sony WH-1000XM6 The Best Wireless Noise Canceling Headphones, HD NC Processor QN3, 12 Microphones, Adaptive NC Optimizer, Mastered by Engineers, Studio-Quality, 30-Hour Battery, Midnight Blue",$448.00,,,https://m.media-amazon.com/images/I/01jrA-8DXYL.gif,/Sony-WH-1000XM6-Headphones-Microphones-Studio-Quality/dp/B0F3PT1VBL/ref=zg_bsms_g_electronics_d_sccl_3/144-4279524-5111233?psc=1,B0F3PT1VBL,Electronics,448.0,,,trends,2025-05-17 16:28:38
/IDGPUW-Replacement-Insignia-Requires-Compatible/dp/B0CLLTPW3H/ref=zg_bsms_g_electronics_d_sccl_4/144-4279524-5111233?psc=1,"IDGPUW Replacement Voice Remote Compatible with Insignia, Toshiba, Pioneer Smart TV",$7.99,4.3 out of 5 stars,"4,137",https://m.media-amazon.com/images/I/01jrA-8DXYL.gif,/IDGPUW-Replacement-Insignia-Requires-Compatible/dp/B0CLLTPW3H/ref=zg_bsms_g_electronics_d_sccl_4/144-4279524-5111233?psc=1,B0CLLTPW3H,Electronics,7.99,4.3,4137.0,trends,2025-05-17 16:28:38
/All-new-Ring-Battery-Doorbell-detection/dp/B09WZBPX7K/ref=zg_bsms_g_electronics_d_sccl_5/144-4279524-5111233?psc=1,"Ring Battery Doorbell Plus (newest model) | Head-to-Toe HD+ Video, motion detection & alerts, and Two-Way Talk",$74.99,4.6 out of 5 stars,"11,108",https://m.media-amazon.com/images/I/01jrA-8DXYL.gif,/All-new-Ring-Battery-Doorbell-detection/dp/B09WZBPX7K/ref=zg_bsms_g_electronics_d_sccl_5/144-4279524-5111233?psc=1,B09WZBPX7K,Electronics,74.99,4.6,11108.0,trends,2025-05-17 16:28:38
/Midland-WR120B-WR120EZ-Certified-Trilingual/dp/B00176T9OY/ref=zg_bsms_g_electronics_d_sccl_6/144-4279524-5111233?psc=1,"Midland - WR120B - NOAA Emergency Weather Alert Radio - Localized Programming, Trilingual Display, 60+ Emergency Alerts, Alarm, Selectable Alert Tone",$49.99,4.5 out of 5 stars,"29,942",https://m.media-amazon.com/images/I/01jrA-8DXYL.gif,/Midland-WR120B-WR120EZ-Certified-Trilingual/dp/B00176T9OY/ref=zg_bsms_g_electronics_d_sccl_6/144-4279524-5111233?psc=1,B00176T9OY,Electronics,49.99,4.5,29942.0,trends,2025-05-17 16:28:38
/Bluetooth-Headphones-Cancelling-Waterproof-Earphones/dp/B0F1XPDTKX/ref=zg_bsms_g_electronics_d_sccl_7/144-4279524-5111233?psc=1,"Wireless Earbuds, Bluetooth 5.4 Headphones HiFi Stereo, Bluetooth Earbuds with ENC Noise Cancelling Mic, IP7 Waterproof in Ear Earphones, 48H, LED Display Ear buds for Pad Workout Sports, Rose Gold",$23.99,4.6 out of 5 stars,338,https://m.media-amazon.com/images/I/01jrA-8DXYL.gif,/Bluetooth-Headphones-Cancelling-Waterproof-Earphones/dp/B0F1XPDTKX/ref=zg_bsms_g_electronics_d_sccl_7/144-4279524-5111233?psc=1,B0F1XPDTKX,Electronics,23.99,4.6,338.0,trends,2025-05-17 16:28:38
/Amazon-powerful-display-octa-core-processor/dp/B0B1VQ1ZQY/ref=zg_bsms_g_electronics_d_sccl_8/144-4279524-5111233?psc=1,"Amazon Fire Max 11 tablet (newest model) vivid 11” display, all-in-one for streaming, reading, and gaming, 14-hour battery life, optional stylus and keyboard, 64 GB, Gray",$153.99,4.4 out of 5 stars,"12,862",https://m.media-amazon.com/images/I/01jrA-8DXYL.gif,/Amazon-powerful-display-octa-core-processor/dp/B0B1VQ1ZQY/ref=zg_bsms_g_electronics_d_sccl_8/144-4279524-5111233?psc=1,B0B1VQ1ZQY,Electronics,153.99,4.4,12862.0,trends,2025-05-17 16:28:38
/Surge-Protector-Power-Strip-Extension/dp/B0DC6GXZSV/ref=zg_bsms_g_electronics_d_sccl_9/144-4279524-5111233?psc=1,"Surge Protector Power Strip - CHCORE 5Ft Braided Extension Cord with 8 Outlets with 4 USB (2 USB C) Charging Ports, Flat Plug Multi Plug Outlet Extender Charging Station for Home Office, ETL, White",$8.49,4.7 out of 5 stars,"1,673",https://m.media-amazon.com/images/I/01jrA-8DXYL.gif,/Surge-Protector-Power-Strip-Extension/dp/B0DC6GXZSV/ref=zg_bsms_g_electronics_d_sccl_9/144-4279524-5111233?psc=1,B0DC6GXZSV,Electronics,8.49,4.7,1673.0,trends,2025-05-17 16:28:38
/Amazon-Basics-75hz-Panel-Monitor/dp/B08WJ3GYC9/ref=zg_bsms_g_electronics_d_sccl_10/144-4279524-5111233?psc=1,"Amazon Basics IPS Monitor 75 Hz Powered with AOC Technology FHD 1080P HDMI, Display Port and VGA Input VESA Compatible Built-in Speakers for Office and Home, 27 in, Black",$99.99,4.5 out of 5 stars,"1,025",https://m.media-amazon.com/images/I/01jrA-8DXYL.gif,/Amazon-Basics-75hz-Panel-Monitor/dp/B08WJ3GYC9/ref=zg_bsms_g_electronics_d_sccl_10/144-4279524-5111233?psc=1,B08WJ3GYC9,Electronics,99.99,4.5,1025.0,trends,2025-05-17 16:28:38
/Amazon_Fire_HD_10/dp/B0BL5PYD69/ref=zg_bsms_g_electronics_d_sccl_11/144-4279524-5111233?psc=1,"Amazon Fire HD 10 tablet (newest model) built for relaxation, 10.1"" vibrant Full HD screen, octa-core processor, 3 GB RAM, 64 GB, Black",$92.39,4.5 out of 5 stars,"25,384",https://m.media-amazon.com/images/I/01jrA-8DXYL.gif,/Amazon_Fire_HD_10/dp/B0BL5PYD69/ref=zg_bsms_g_electronics_d_sccl_11/144-4279524-5111233?psc=1,B0BL5PYD69,Electronics,92.39,4.5,25384.0,trends,2025-05-17 16:28:38
/FosPower-Emergency-Portable-Household-Flashlight/dp/B07FKYHTWP/ref=zg_bsms_g_electronics_d_sccl_12/144-4279524-5111233?psc=1,"FosPower Emergency Weather Radio (Model A1) NOAA/AM/FM with 7400mWh Portable Power Bank, USB/Solar/Hand Crank Charging, Battery Operated, SOS Alarm & Flashlight for Indoor/Outdoor Emergencies",$32.99,4.6 out of 5 stars,"35,715",https://m.media-amazon.com/images/I/01jrA-8DXYL.gif,/FosPower-Emergency-Portable-Household-Flashlight/dp/B07FKYHTWP/ref=zg_bsms_g_electronics_d_sccl_12/144-4279524-5111233?psc=1,B07FKYHTWP,Electronics,32.99,4.6,35715.0,trends,2025-05-17 16:28:38
/Roku-Express-Streaming-Wireless-Controls/dp/B0916TKFF2/ref=zg_bsms_g_electronics_d_sccl_13/144-4279524-5111233?psc=1,"Roku Express 4K+ | Roku Streaming Device 4K/HDR with Voice Remote, Free & Live TV",$27.95,4.7 out of 5 stars,"94,574",https://m.media-amazon.com/images/I/01jrA-8DXYL.gif,/Roku-Express-Streaming-Wireless-Controls/dp/B0916TKFF2/ref=zg_bsms_g_electronics_d_sccl_13/144-4279524-5111233?psc=1,B0916TKFF2,Electronics,27.95,4.7,94574.0,trends,2025-05-17 16:28:38
/Digital-Photography-Vlogging-YouTube-Beginner/dp/B0BQRVCGHC/ref=zg_bsms_g_electronics_d_sccl_14/144-4279524-5111233?psc=1,"4K Digital Camera for Photography, 64MP Vlogging Camera for YouTube with 3"" 180° Flip Screen, 18X Digital Zoom Point and Shoot Camara with 32GB Micro SD Card for Beginner (Black)",$59.99,4.5 out of 5 stars,"1,077",https://m.media-amazon.com/images/I/01jrA-8DXYL.gif,/Digital-Photography-Vlogging-YouTube-Beginner/dp/B0BQRVCGHC/ref=zg_bsms_g_electronics_d_sccl_14/144-4279524-5111233?psc=1,B0BQRVCGHC,Electronics,59.99,4.5,1077.0,trends,2025-05-17 16:28:38
/Apple-iPad-10-2-inch-Wi-Fi-32GB/dp/B08KWJW3DV/ref=zg_bsms_g_electronics_d_sccl_15/144-4279524-5111233?psc=1,"Apple iPad 2020 (10.2-inch, Wi-Fi, 32GB) - Space Gray (Renewed)",$139.00,4.4 out of 5 stars,"2,069",https://m.media-amazon.com/images/I/01jrA-8DXYL.gif,/Apple-iPad-10-2-inch-Wi-Fi-32GB/dp/B08KWJW3DV/ref=zg_bsms_g_electronics_d_sccl_15/144-4279524-5111233?psc=1,B08KWJW3DV,Electronics,139.0,4.4,2069.0,trends,2025-05-17 16:28:38
/Bluetooth-Headphones-Cancelling-Waterproof-Earphones/dp/B0F1XXWV6D/ref=zg_bsms_g_electronics_d_sccl_16/144-4279524-5111233?psc=1,"Wireless Earbuds, Bluetooth 5.4 Headphones HiFi Stereo, Bluetooth Earbuds with ENC Noise Cancelling Mic, IP7 Waterproof in Ear Earphones, 48H, LED Display Ear buds for Pad Workout Sports, Black",$21.99,4.6 out of 5 stars,338,https://m.media-amazon.com/images/I/01jrA-8DXYL.gif,/Bluetooth-Headphones-Cancelling-Waterproof-Earphones/dp/B0F1XXWV6D/ref=zg_bsms_g_electronics_d_sccl_16/144-4279524-5111233?psc=1,B0F1XXWV6D,Electronics,21.99,4.6,338.0,trends,2025-05-17 16:28:38
/Tile-Life360-Slim-Bluetooth-Compatible/dp/B0D637HK8Q/ref=zg_bsms_g_electronics_d_sccl_17/144-4279524-5111233?psc=1,"Tile by Life360 Slim (2024) - Wallet Finder, Bluetooth Tracker and Item Locator for Luggage Tags, Passports and More. Both iOS and Android Compatible. Phone Finder. 1-Pack (Black)",$29.98,4.4 out of 5 stars,"1,466",https://m.media-amazon.com/images/I/01jrA-8DXYL.gif,/Tile-Life360-Slim-Bluetooth-Compatible/dp/B0D637HK8Q/ref=zg_bsms_g_electronics_d_sccl_17/144-4279524-5111233?psc=1,B0D637HK8Q,Electronics,29.98,4.4,1466.0,trends,2025-05-17 16:28:38
/Cruise-Essentials-Extension-Extender-Protector/dp/B0BWY8FBFP/ref=zg_bsms_g_electronics_d_sccl_18/144-4279524-5111233?psc=1,"Cruise Essentials - Flat Plug Power Strip, Addtam 5 ft Ultra Flat Extension Cord with 6 Outlets Extender, No Surge Protector for Cruise Ship, Travel, Dorm, Home Office, ETL Listed",$7.99,4.8 out of 5 stars,"5,779",https://m.media-amazon.com/images/I/01jrA-8DXYL.gif,/Cruise-Essentials-Extension-Extender-Protector/dp/B0BWY8FBFP/ref=zg_bsms_g_electronics_d_sccl_18/144-4279524-5111233?psc=1,B0BWY8FBFP,Electronics,7.99,4.8,5779.0,trends,2025-05-17 16:28:38
/Smartwatch-Fitness-Pedometer-Waterproof-Activity/dp/B0DX6R7ZDJ/ref=zg_bsms_g_electronics_d_sccl_19/144-4279524-5111233?psc=1,"Smart Watch(Answer/Make Call), 1.96"" HD Smartwatch for Men Women, 2025 New Fitness Watch with 112+ Sport Modes, Heart Rate, Sleep Monitor, Pedometer, IP68 Waterproof Activity Tracker for Android iOS",$29.99,4.8 out of 5 stars,104,https://m.media-amazon.com/images/I/01jrA-8DXYL.gif,/Smartwatch-Fitness-Pedometer-Waterproof-Activity/dp/B0DX6R7ZDJ/ref=zg_bsms_g_electronics_d_sccl_19/144-4279524-5111233?psc=1,B0DX6R7ZDJ,Electronics,29.99,4.8,104.0,trends,2025-05-17 16:28:38
/Bluetooth-Headphones-Cancelling-Waterproof-Earphones/dp/B0F1XSNGBT/ref=zg_bsms_g_electronics_d_sccl_20/144-4279524-5111233?psc=1,"Wireless Earbuds, Bluetooth 5.4 Headphones HiFi Stereo, Bluetooth Earbuds with ENC Noise Cancelling Mic, IP7 Waterproof in Ear Earphones, 48H, LED Display Ear buds for Pad Workout Sports, White Purple",$21.99,4.6 out of 5 stars,338,https://m.media-amazon.com/images/I/01jrA-8DXYL.gif,/Bluetooth-Headphones-Cancelling-Waterproof-Earphones/dp/B0F1XSNGBT/ref=zg_bsms_g_electronics_d_sccl_20/144-4279524-5111233?psc=1,B0F1XSNGBT,Electronics,21.99,4.6,338.0,trends,2025-05-17 16:28:38
/avedio-links-HDMI-Duplicate-Distributor/dp/B0732MD43P/ref=zg_bsms_g_electronics_d_sccl_21/144-4279524-5111233?psc=1,"avedio links HDMI Splitter 1 in 2 Out [with 4 Ft Hdmi Cable] Not for Extended Mode-Mirror Same Screen Only, 4K 1x2 HDMI Splitter 1 to 2 for 3D 1080P@60Hz, Copy 1 Source to 2 Displays at The Same Time",$15.89,4.1 out of 5 stars,"35,118",https://m.media-amazon.com/images/I/01jrA-8DXYL.gif,/avedio-links-HDMI-Duplicate-Distributor/dp/B0732MD43P/ref=zg_bsms_g_electronics_d_sccl_21/144-4279524-5111233?psc=1,B0732MD43P,Electronics,15.89,4.1,35118.0,trends,2025-05-17 16:28:38
/Bluetooth-Headphones-KVIDIO-Microphone-Lightweight/dp/B09BF64J55/ref=zg_bsms_g_electronics_d_sccl_22/144-4279524-5111233?psc=1,"KVIDIO Bluetooth Headphones Over Ear, 65 Hours Playtime Wireless Headphones with Microphone, Foldable Lightweight Headset with Deep Bass, HiFi Stereo Sound for Travel Work Cellphone",$18.99,4.5 out of 5 stars,"27,312",https://m.media-amazon.com/images/I/01jrA-8DXYL.gif,/Bluetooth-Headphones-KVIDIO-Microphone-Lightweight/dp/B09BF64J55/ref=zg_bsms_g_electronics_d_sccl_22/144-4279524-5111233?psc=1,B09BF64J55,Electronics,18.99,4.5,27312.0,trends,2025-05-17 16:28:38
/Portable-Bluetooth-Waterproof-Wireless-Colorful/dp/B09LLPSVBY/ref=zg_bsms_g_electronics_d_sccl_23/144-4279524-5111233?psc=1,"Portable Bluetooth Speaker, IPX7 Waterproof Wireless Speakers with Colorful Flashing Lights, 25W Super Bass 24H Playtime, 100ft Range, TWS Pairing for Outdoor, Home, Party, Beach, Birthday Gift",$29.95,4.5 out of 5 stars,"10,780",https://m.media-amazon.com/images/I/01jrA-8DXYL.gif,/Portable-Bluetooth-Waterproof-Wireless-Colorful/dp/B09LLPSVBY/ref=zg_bsms_g_electronics_d_sccl_23/144-4279524-5111233?psc=1,B09LLPSVBY,Electronics,29.95,4.5,10780.0,trends,2025-05-17 16:28:38
/Alestor-Protector-Outlets-Extension-Essentials/dp/B08P5LRY37/ref=zg_bsms_g_electronics_d_sccl_24/144-4279524-5111233?psc=1,"Power Strip, ALESTOR Surge Protector with 12 Outlets and 4 USB Ports, 6 Feet Extension Cord (1875W/15A), 2700 Joules, ETL Listed, Black",$27.99,4.8 out of 5 stars,"45,490",https://m.media-amazon.com/images/I/01jrA-8DXYL.gif,/Alestor-Protector-Outlets-Extension-Essentials/dp/B08P5LRY37/ref=zg_bsms_g_electronics_d_sccl_24/144-4279524-5111233?psc=1,B08P5LRY37,Electronics,27.99,4.8,45490.0,trends,2025-05-17 16:28:38
/Surge-Protector-USB-Outlet-Extender/dp/B0BCPC68J6/ref=zg_bsms_g_electronics_d_sccl_25/144-4279524-5111233?psc=1,"Multi Plug Outlet Surge Protector - POWRUI 6 Outlet Extender with 3 USB Ports (1 USB C) and Night Light, 3-Sided Power Strip with Adapter Spaced Outlets - White, ETL Listed",$13.99,4.7 out of 5 stars,"11,350",https://m.media-amazon.com/images/I/01jrA-8DXYL.gif,/Surge-Protector-USB-Outlet-Extender/dp/B0BCPC68J6/ref=zg_bsms_g_electronics_d_sccl_25/144-4279524-5111233?psc=1,B0BCPC68J6,Electronics,13.99,4.7,11350.0,trends,2025-05-17 16:28:38
/Polaroid-I-Type-Double-Pack-Photos/dp/B084TDB4HK/ref=zg_bsms_g_electronics_d_sccl_26/144-4279524-5111233?psc=1,"Polaroid Color Film for I-Type Double Pack, 16 Color Instant Photos (6009)",$27.89,4.5 out of 5 stars,"12,640",https://m.media-amazon.com/images/I/01jrA-8DXYL.gif,/Polaroid-I-Type-Double-Pack-Photos/dp/B084TDB4HK/ref=zg_bsms_g_electronics_d_sccl_26/144-4279524-5111233?psc=1,B084TDB4HK,Electronics,27.89,4.5,12640.0,trends,2025-05-17 16:28:38
/POWRUI-Protector-Extender-Extension-Essentials/dp/B09Y8FRMQV/ref=zg_bsms_g_electronics_d_sccl_27/144-4279524-5111233?psc=1,"Surge Protector Power Strip - 6 Ft Flat Plug Extension Cord with 8 Widely Outlets and 4 USB Ports(1 USB C), 3 Side Outlet Extender for Home Office, White, ETL Listed",$12.99,4.6 out of 5 stars,"22,495",https://m.media-amazon.com/images/I/01jrA-8DXYL.gif,/POWRUI-Protector-Extender-Extension-Essentials/dp/B09Y8FRMQV/ref=zg_bsms_g_electronics_d_sccl_27/144-4279524-5111233?psc=1,B09Y8FRMQV,Electronics,12.99,4.6,22495.0,trends,2025-05-17 16:28:38
/TOZO-Bluetooth-Wireless-Headphones-Waterproof/dp/B07J2Z5DBM/ref=zg_bsms_g_electronics_d_sccl_28/144-4279524-5111233?psc=1,"TOZO T10 True Wireless Bluetooth 5.3 Earbuds, 45H Playtime, Wireless Charging Case, IPX8 Waterproof Stereo Headphones in Ear Built in Mic Headset Premium Sound with Deep Bass, 32 Preset EQs via APP",$18.99,4.3 out of 5 stars,"256,223",https://m.media-amazon.com/images/I/01jrA-8DXYL.gif,/TOZO-Bluetooth-Wireless-Headphones-Waterproof/dp/B07J2Z5DBM/ref=zg_bsms_g_electronics_d_sccl_28/144-4279524-5111233?psc=1,B07J2Z5DBM,Electronics,18.99,4.3,256223.0,trends,2025-05-17 16:28:38
/Channel-Inside-G-Sensor-Parking-Recording/dp/B0C2Y6WXJ7/ref=zg_bsms_g_electronics_d_sccl_29/144-4279524-5111233?psc=1,"Dash Cam Front and Rear Inside, 3 Channel Dash Camera for Cars, 1080P Triple Dash Cam, Dash Camera with 32GB Card, Loop Recording, HDR, G-Sensor, 24Hr Parking",$59.99,4.2 out of 5 stars,"4,752",https://m.media-amazon.com/images/I/01jrA-8DXYL.gif,/Channel-Inside-G-Sensor-Parking-Recording/dp/B0C2Y6WXJ7/ref=zg_bsms_g_electronics_d_sccl_29/144-4279524-5111233?psc=1,B0C2Y6WXJ7,Electronics,59.99,4.2,4752.0,trends,2025-05-17 16:28:38
/Boomphs-Fujifilm-Instax-Mini-Instant/dp/B0BRYT2N4D/ref=zg_bsms_g_electronics_d_sccl_30/144-4279524-5111233?psc=1,"Fujifilm Instax Mini Instant Camera Film: 20 Shoots Total, (10 Sheets x 2) - Capture Memories Anytime, Anywhere - Boomph's Comprehensive Ultimate Performance Cloth Solution for Perfect Picture Quality",$44.99,4.8 out of 5 stars,"5,434",https://m.media-amazon.com/images/I/01jrA-8DXYL.gif,/Boomphs-Fujifilm-Instax-Mini-Instant/dp/B0BRYT2N4D/ref=zg_bsms_g_electronics_d_sccl_30/144-4279524-5111233?psc=1,B0BRYT2N4D,Electronics,44.99,4.8,5434.0,trends,2025-05-17 16:28:38
/When-Stones-Speak-Remarkable-Discovery/dp/1546009256/ref=zg_bsms_g_books_d_sccl_1/144-4279524-5111233?psc=1,When the Stones Speak: The Remarkable Discovery of the City of David and What Israel's Enemies Don't Want You To Know,$28.09,5.0 out of 5 stars,Doron Spielman,https://m.media-amazon.com/images/I/01jrA-8DXYL.gif,/When-Stones-Speak-Remarkable-Discovery/dp/1546009256/ref=zg_bsms_g_books_d_sccl_1/144-4279524-5111233?psc=1,1546009256,Books,28.09,5.0,,trends,2025-05-17 16:28:38
/Proof-Heaven-Neurosurgeons-Journey-Afterlife/dp/1451695195/ref=zg_bsms_g_books_d_sccl_2/144-4279524-5111233?psc=1,Proof of Heaven: A Neurosurgeon's Journey into the Afterlife,$10.65,4.4 out of 5 stars,Eben Alexander,https://m.media-amazon.com/images/I/01jrA-8DXYL.gif,/Proof-Heaven-Neurosurgeons-Journey-Afterlife/dp/1451695195/ref=zg_bsms_g_books_d_sccl_2/144-4279524-5111233?psc=1,1451695195,Books,10.65,4.4,,trends,2025-05-17 16:28:38
/Rewind-Back-Standard-Windy-City/dp/1649379234/ref=zg_bsms_g_books_d_sccl_3/144-4279524-5111233?psc=1,"Rewind it Back (Standard Edition) (Windy City, 5)",$17.66,,Liz Tomforde,https://m.media-amazon.com/images/I/01jrA-8DXYL.gif,/Rewind-Back-Standard-Windy-City/dp/1649379234/ref=zg_bsms_g_books_d_sccl_3/144-4279524-5111233?psc=1,1649379234,Books,17.66,,,trends,2025-05-17 16:28:38
/Original-Sin-President-Cover-Up-Disastrous/dp/B0DTYKCJC9/ref=zg_bsms_g_books_d_sccl_4/144-4279524-5111233?psc=1,"Original Sin: President Biden's Decline, Its Cover-Up, and His Disastrous Choice to Run Again",$27.00,,Jake Tapper,https://m.media-amazon.com/images/I/01jrA-8DXYL.gif,/Original-Sin-President-Cover-Up-Disastrous/dp/B0DTYKCJC9/ref=zg_bsms_g_books_d_sccl_4/144-4279524-5111233?psc=1,B0DTYKCJC9,Books,27.0,,,trends,2025-05-17 16:28:38
/Metabolic-Freedom-Restore-Metabolism-Hormones/dp/1401994369/ref=zg_bsms_g_books_d_sccl_5/144-4279524-5111233?psc=1,"Metabolic Freedom: A 30-Day Guide to Restore Your Metabolism, Heal Hormones & Burn Fat",$25.27,5.0 out of 5 stars,Ben Azadi,https://m.media-amazon.com/images/I/01jrA-8DXYL.gif,/Metabolic-Freedom-Restore-Metabolism-Hormones/dp/1401994369/ref=zg_bsms_g_books_d_sccl_5/144-4279524-5111233?psc=1,1401994369,Books,25.27,5.0,,trends,2025-05-17 16:28:38
/New-Menopause-Navigating-Through-Hormonal/dp/059379625X/ref=zg_bsms_g_books_d_sccl_6/144-4279524-5111233?psc=1,"The New Menopause: Navigating Your Path Through Hormonal Change with Purpose, Power, and Facts",$13.99,4.7 out of 5 stars,Mary Claire Haver MD,https://m.media-amazon.com/images/I/01jrA-8DXYL.gif,/New-Menopause-Navigating-Through-Hormonal/dp/059379625X/ref=zg_bsms_g_books_d_sccl_6/144-4279524-5111233?psc=1,059379625X,Books,13.99,4.7,,trends,2025-05-17 16:28:38
/Counting-Miracles-Novel-Nicholas-Sparks/dp/0593449592/ref=zg_bsms_g_books_d_sccl_7/144-4279524-5111233?psc=1,Counting Miracles: A Novel,$14.73,4.6 out of 5 stars,Nicholas Sparks,https://m.media-amazon.com/images/I/01jrA-8DXYL.gif,/Counting-Miracles-Novel-Nicholas-Sparks/dp/0593449592/ref=zg_bsms_g_books_d_sccl_7/144-4279524-5111233?psc=1,0593449592,Books,14.73,4.6,,trends,2025-05-17 16:28:38
/Hope-You-Remember-Loving-Longing/dp/1668077108/ref=zg_bsms_g_books_d_sccl_8/144-4279524-5111233?psc=1,"I Hope You Remember: Poems on Loving, Longing, and Living",$17.48,4.9 out of 5 stars,Josie Balka,https://m.media-amazon.com/images/I/01jrA-8DXYL.gif,/Hope-You-Remember-Loving-Longing/dp/1668077108/ref=zg_bsms_g_books_d_sccl_8/144-4279524-5111233?psc=1,1668077108,Books,17.48,4.9,,trends,2025-05-17 16:28:38
/First-Grade-Here-I-Come/dp/0448489201/ref=zg_bsms_g_books_d_sccl_9/144-4279524-5111233?psc=1,"First Grade, Here I Come!",$1.60,4.7 out of 5 stars,D.J. Steinberg,https://m.media-amazon.com/images/I/01jrA-8DXYL.gif,/First-Grade-Here-I-Come/dp/0448489201/ref=zg_bsms_g_books_d_sccl_9/144-4279524-5111233?psc=1,0448489201,Books,1.6,4.7,,trends,2025-05-17 16:28:38
/Regretting-You-Colleen-Hoover/dp/1542016428/ref=zg_bsms_g_books_d_sccl_10/144-4279524-5111233?psc=1,Regretting You,$2.54,4.5 out of 5 stars,Colleen Hoover,https://m.media-amazon.com/images/I/01jrA-8DXYL.gif,/Regretting-You-Colleen-Hoover/dp/1542016428/ref=zg_bsms_g_books_d_sccl_10/144-4279524-5111233?psc=1,1542016428,Books,2.54,4.5,,trends,2025-05-17 16:28:38
/Testaments-Margaret-Atwood/dp/0525562621/ref=zg_bsms_g_books_d_sccl_11/144-4279524-5111233?psc=1,The Testaments: A Novel (The Handmaid's Tale),$12.87,4.6 out of 5 stars,Margaret Atwood,https://m.media-amazon.com/images/I/01jrA-8DXYL.gif,/Testaments-Margaret-Atwood/dp/0525562621/ref=zg_bsms_g_books_d_sccl_11/144-4279524-5111233?psc=1,0525562621,Books,12.87,4.6,,trends,2025-05-17 16:28:38
/Wishbone-Kitchen-Cookbook-Seasonal-Entertaining/dp/0593835956/ref=zg_bsms_g_books_d_sccl_12/144-4279524-5111233?psc=1,The Wishbone Kitchen Cookbook: Seasonal Recipes for Everyday Luxury and Elevated Entertaining,$17.49,4.6 out of 5 stars,Meredith Hayden,https://m.media-amazon.com/images/I/01jrA-8DXYL.gif,/Wishbone-Kitchen-Cookbook-Seasonal-Entertaining/dp/0593835956/ref=zg_bsms_g_books_d_sccl_12/144-4279524-5111233?psc=1,0593835956,Books,17.49,4.6,,trends,2025-05-17 16:28:38
/My-First-Learn-Write-Workbook/dp/1641526270/ref=zg_bsms_g_books_d_sccl_13/144-4279524-5111233?psc=1,"My First Learn-to-Write Workbook: Practice for Kids with Pen Control, Line Tracing, Letters, and More!",$2.21,4.8 out of 5 stars,Crystal Radke,https://m.media-amazon.com/images/I/01jrA-8DXYL.gif,/My-First-Learn-Write-Workbook/dp/1641526270/ref=zg_bsms_g_books_d_sccl_13/144-4279524-5111233?psc=1,1641526270,Books,2.21,4.8,,trends,2025-05-17 16:28:38
/My-Sticker-Dress-Up-Louise-Anglicas/dp/1728276373/ref=zg_bsms_g_books_d_sccl_14/144-4279524-5111233?psc=1,My Sticker Dress-Up: Dancers: Awesome Activity Book with 350+ Stickers for Unlimited Possibilities!,$3.25,4.6 out of 5 stars,Louise Anglicas,https://m.media-amazon.com/images/I/01jrA-8DXYL.gif,/My-Sticker-Dress-Up-Louise-Anglicas/dp/1728276373/ref=zg_bsms_g_books_d_sccl_14/144-4279524-5111233?psc=1,1728276373,Books,3.25,4.6,,trends,2025-05-17 16:28:38
/Kindergarten-Graduation-Little-Golden-Book/dp/0593704851/ref=zg_bsms_g_books_d_sccl_15/144-4279524-5111233?psc=1,Kindergarten Graduation!: A Book for Soon-to-Be First Graders (Little Golden Book),$5.93,4.8 out of 5 stars,Jennifer Liberts,https://m.media-amazon.com/images/I/01jrA-8DXYL.gif,/Kindergarten-Graduation-Little-Golden-Book/dp/0593704851/ref=zg_bsms_g_books_d_sccl_15/144-4279524-5111233?psc=1,0593704851,Books,5.93,4.8,,trends,2025-05-17 16:28:38
/Stress-Relief-Relaxation-Featuring-Landscape/dp/B0D3CSPMZG/ref=zg_bsms_g_books_d_sccl_16/144-4279524-5111233?psc=1,"Stress Relief: Coloring Book for Adults and Kids, Bold and Easy, Simple and Big Designs for Relaxation Featuring Animals, Landscape, Flowers, Patterns, Cute Things And Many More (Bold & Easy Coloring)",$2.00,4.8 out of 5 stars,Coco Wyo,https://m.media-amazon.com/images/I/01jrA-8DXYL.gif,/Stress-Relief-Relaxation-Featuring-Landscape/dp/B0D3CSPMZG/ref=zg_bsms_g_books_d_sccl_16/144-4279524-5111233?psc=1,B0D3CSPMZG,Books,2.0,4.8,,trends,2025-05-17 16:28:38
/Letter-Your-Teacher-Last-School/dp/173541414X/ref=zg_bsms_g_books_d_sccl_17/144-4279524-5111233?psc=1,A Letter From Your Teacher: On the Last Day of School (The Classroom Community Collection),$12.99,4.9 out of 5 stars,Shannon Olsen,https://m.media-amazon.com/images/I/01jrA-8DXYL.gif,/Letter-Your-Teacher-Last-School/dp/173541414X/ref=zg_bsms_g_books_d_sccl_17/144-4279524-5111233?psc=1,173541414X,Books,12.99,4.9,,trends,2025-05-17 16:28:38
/Adult-Children-Emotionally-Immature-Parents/dp/1626251703/ref=zg_bsms_g_books_d_sccl_18/144-4279524-5111233?psc=1,"Adult Children of Emotionally Immature Parents: How to Heal from Distant, Rejecting, or Self-Involved Parents",$4.80,4.8 out of 5 stars,Lindsay C. Gibson,https://m.media-amazon.com/images/I/01jrA-8DXYL.gif,/Adult-Children-Emotionally-Immature-Parents/dp/1626251703/ref=zg_bsms_g_books_d_sccl_18/144-4279524-5111233?psc=1,1626251703,Books,4.8,4.8,,trends,2025-05-17 16:28:38
/Very-Hungry-Caterpillar-Eric-Carle/dp/0399226907/ref=zg_bsms_g_books_d_sccl_19/144-4279524-5111233?psc=1,The Very Hungry Caterpillar,$5.75,4.9 out of 5 stars,Eric Carle,https://m.media-amazon.com/images/I/01jrA-8DXYL.gif,/Very-Hungry-Caterpillar-Eric-Carle/dp/0399226907/ref=zg_bsms_g_books_d_sccl_19/144-4279524-5111233?psc=1,0399226907,Books,5.75,4.9,,trends,2025-05-17 16:28:38
/Summer-Bridge-Activities%C2%AE-Activities/dp/148381579X/ref=zg_bsms_g_books_d_sccl_20/144-4279524-5111233?psc=1,"Summer Bridge Activities Preschool to Kindergarten Workbooks, PreK & K Toddler Activity Book With Phonics, Math, Science, Handwriting Practice, Early Learning Skills, and Flash Cards",$1.60,4.8 out of 5 stars,Summer Bridge Activities,https://m.media-amazon.com/images/I/01jrA-8DXYL.gif,/Summer-Bridge-Activities%C2%AE-Activities/dp/148381579X/ref=zg_bsms_g_books_d_sccl_20/144-4279524-5111233?psc=1,148381579X,Books,1.6,4.8,,trends,2025-05-17 16:28:38
/How-Draw-Everything-Drawings-Animals/dp/B0CNQ5X4Y1/ref=zg_bsms_g_books_d_sccl_21/144-4279524-5111233?psc=1,"How To Draw Everything: 300 Drawings of Cute Stuff, Animals, Food, Gifts, and other Amazing Things | Book For Kids",$10.90,4.7 out of 5 stars,Emma Greene,https://m.media-amazon.com/images/I/01jrA-8DXYL.gif,/How-Draw-Everything-Drawings-Animals/dp/B0CNQ5X4Y1/ref=zg_bsms_g_books_d_sccl_21/144-4279524-5111233?psc=1,B0CNQ5X4Y1,Books,10.9,4.7,,trends,2025-05-17 16:28:38
/Cozy-Friends-Featuring-Characters-Relaxation/dp/B0D4YLQRMP/ref=zg_bsms_g_books_d_sccl_22/144-4279524-5111233?psc=1,Cozy Friends: Coloring Book for Adults and Teens Featuring Super Cute Animal Characters with Easy and Simple Designs for Relaxation,$16.00,4.8 out of 5 stars,Coco Wyo,https://m.media-amazon.com/images/I/01jrA-8DXYL.gif,/Cozy-Friends-Featuring-Characters-Relaxation/dp/B0D4YLQRMP/ref=zg_bsms_g_books_d_sccl_22/144-4279524-5111233?psc=1,B0D4YLQRMP,Books,16.0,4.8,,trends,2025-05-17 16:28:38
/Summer-Bridge-Activities%C2%AE-Grades-Activities/dp/148381582X/ref=zg_bsms_g_books_d_sccl_23/144-4279524-5111233?psc=1,"Summer Bridge Activities 2nd to 3rd Grade Workbooks, Activity Book With Math, Reading Comprehension, Science, Fitness, Social Studies, Writing Practice, and Flash Cards",$1.60,4.7 out of 5 stars,Summer Bridge Activities,https://m.media-amazon.com/images/I/01jrA-8DXYL.gif,/Summer-Bridge-Activities%C2%AE-Grades-Activities/dp/148381582X/ref=zg_bsms_g_books_d_sccl_23/144-4279524-5111233?psc=1,148381582X,Books,1.6,4.7,,trends,2025-05-17 16:28:38
/Kindergarten-Here-Come-D-J-Steinberg/dp/0448456249/ref=zg_bsms_g_books_d_sccl_24/144-4279524-5111233?psc=1,"Kindergarten, Here I Come!",$2.42,4.8 out of 5 stars,D.J. Steinberg,https://m.media-amazon.com/images/I/01jrA-8DXYL.gif,/Kindergarten-Here-Come-D-J-Steinberg/dp/0448456249/ref=zg_bsms_g_books_d_sccl_24/144-4279524-5111233?psc=1,0448456249,Books,2.42,4.8,,trends,2025-05-17 16:28:38
/Brave-Little-One-Marianne-Richmond/dp/1492658812/ref=zg_bsms_g_books_d_sccl_25/144-4279524-5111233?psc=1,"Be Brave Little One: An Inspiring Book About Courage For Babies, Baby Showers, Graduation, And More",$1.51,4.9 out of 5 stars,Marianne Richmond,https://m.media-amazon.com/images/I/01jrA-8DXYL.gif,/Brave-Little-One-Marianne-Richmond/dp/1492658812/ref=zg_bsms_g_books_d_sccl_25/144-4279524-5111233?psc=1,1492658812,Books,1.51,4.9,,trends,2025-05-17 16:28:38
/Devils-Joe-Abercrombie/dp/125088005X/ref=zg_bsms_g_books_d_sccl_26/144-4279524-5111233?psc=1,"The Devils (Devils, 1)",$39.99,4.6 out of 5 stars,Joe Abercrombie,https://m.media-amazon.com/images/I/01jrA-8DXYL.gif,/Devils-Joe-Abercrombie/dp/125088005X/ref=zg_bsms_g_books_d_sccl_26/144-4279524-5111233?psc=1,125088005X,Books,39.99,4.6,,trends,2025-05-17 16:28:38
/How-Catch-Mermaid-Adam-Wallace/dp/149266247X/ref=zg_bsms_g_books_d_sccl_27/144-4279524-5111233?psc=1,How to Catch a Mermaid,$1.51,4.8 out of 5 stars,Adam Wallace,https://m.media-amazon.com/images/I/01jrA-8DXYL.gif,/How-Catch-Mermaid-Adam-Wallace/dp/149266247X/ref=zg_bsms_g_books_d_sccl_27/144-4279524-5111233?psc=1,149266247X,Books,1.51,4.8,,trends,2025-05-17 16:28:38
/Happy-Birthday-You-Dr-Seuss/dp/0394800761/ref=zg_bsms_g_books_d_sccl_28/144-4279524-5111233?psc=1,Happy Birthday to You!,$7.47,4.8 out of 5 stars,Dr. Seuss,https://m.media-amazon.com/images/I/01jrA-8DXYL.gif,/Happy-Birthday-You-Dr-Seuss/dp/0394800761/ref=zg_bsms_g_books_d_sccl_28/144-4279524-5111233?psc=1,0394800761,Books,7.47,4.8,,trends,2025-05-17 16:28:38
/Wheres-Spot-Eric-Hill/dp/0399240462/ref=zg_bsms_g_books_d_sccl_29/144-4279524-5111233?psc=1,Where's Spot?: A Lift-the-Flap Book,$5.00,4.8 out of 5 stars,Eric Hill,https://m.media-amazon.com/images/I/01jrA-8DXYL.gif,/Wheres-Spot-Eric-Hill/dp/0399240462/ref=zg_bsms_g_books_d_sccl_29/144-4279524-5111233?psc=1,0399240462,Books,5.0,4.8,,trends,2025-05-17 16:28:38
/Going-Kindergarten-Little-Golden-Book/dp/0593433858/ref=zg_bsms_g_books_d_sccl_30/144-4279524-5111233?psc=1,I'm Going to Kindergarten!: A Book for Soon-to-Be Kindergarteners (Little Golden Book),$1.84,4.8 out of 5 stars,Andrea Posner-Sanchez,https://m.media-amazon.com/images/I/01jrA-8DXYL.gif,/Going-Kindergarten-Little-Golden-Book/dp/0593433858/ref=zg_bsms_g_books_d_sccl_30/144-4279524-5111233?psc=1,0593433858,Books,1.84,4.8,,trends,2025-05-17 16:28:38
/Flybar-Jumper-Toddlers-Durable-Supports/dp/B00WTDXSDM/ref=zg_bsms_g_toys-and-games_d_sccl_1/144-4279524-5111233?psc=1,"Flybar My First Foam Pogo Jumper for Kids Fun and Safe Pogo Stick for Toddlers, Durable Foam and Bungee Jumper for Ages 3 and up, Supports up to 250lbs",$12.99-$26.99,4.3 out of 5 stars,"51,824",https://m.media-amazon.com/images/I/01jrA-8DXYL.gif,/Flybar-Jumper-Toddlers-Durable-Supports/dp/B00WTDXSDM/ref=zg_bsms_g_toys-and-games_d_sccl_1/144-4279524-5111233?psc=1,B00WTDXSDM,Toys & Games,12.99,4.3,51824.0,trends,2025-05-17 16:28:38
/Paddles-Storage-Perfect-Outdoor-Upgraded/dp/B07TZHVVPL/ref=zg_bsms_g_toys-and-games_d_sccl_2/144-4279524-5111233?psc=1,Ayeboovi Toss and Catch Paddle Ball Game Outdoor Beach Pool Sand Toys Outside Lawn Yard Games for 3 4 5 6 7 8 9 10 11 12 Year Olds Girls Boys Toys Birthday Gift (2 Paddles 2 Balls),$13.99-$34.99,4.5 out of 5 stars,"4,358",https://m.media-amazon.com/images/I/01jrA-8DXYL.gif,/Paddles-Storage-Perfect-Outdoor-Upgraded/dp/B07TZHVVPL/ref=zg_bsms_g_toys-and-games_d_sccl_2/144-4279524-5111233?psc=1,B07TZHVVPL,Toys & Games,13.99,4.5,4358.0,trends,2025-05-17 16:28:38
/Intex-Great-White-Shark-Ride/dp/B00HIWWCXG/ref=zg_bsms_g_toys-and-games_d_sccl_3/144-4279524-5111233?psc=1,INTEX Inflatable Pool Float: Pool Toy for Kids,$11.95-$35.28,4.4 out of 5 stars,"2,917",https://m.media-amazon.com/images/I/01jrA-8DXYL.gif,/Intex-Great-White-Shark-Ride/dp/B00HIWWCXG/ref=zg_bsms_g_toys-and-games_d_sccl_3/144-4279524-5111233?psc=1,B00HIWWCXG,Toys & Games,11.95,4.4,2917.0,trends,2025-05-17 16:28:38
/FEIERYA-Automatic-Shuffler-Playing-Electric/dp/B09Q69K331/ref=zg_bsms_g_toys-and-games_d_sccl_4/144-4279524-5111233?psc=1,"FEIERYA Automatic Card Shuffler 2 Deck,Battery-Operated Electric UNO Poker Shuffler,Playing Card Shuffler for Home Card Game,Travel",$14.99-$22.99,4.3 out of 5 stars,"4,816",https://m.media-amazon.com/images/I/01jrA-8DXYL.gif,/FEIERYA-Automatic-Shuffler-Playing-Electric/dp/B09Q69K331/ref=zg_bsms_g_toys-and-games_d_sccl_4/144-4279524-5111233?psc=1,B09Q69K331,Toys & Games,14.99,4.3,4816.0,trends,2025-05-17 16:28:38
/Bluey-13063-Bath-Squirters-3-Pack/dp/B08GCZMKGT/ref=zg_bsms_g_toys-and-games_d_sccl_5/144-4279524-5111233?psc=1,Bluey Bath Squirters 3-Pack,$4.05,4.6 out of 5 stars,"4,602",https://m.media-amazon.com/images/I/01jrA-8DXYL.gif,/Bluey-13063-Bath-Squirters-3-Pack/dp/B08GCZMKGT/ref=zg_bsms_g_toys-and-games_d_sccl_5/144-4279524-5111233?psc=1,B08GCZMKGT,Toys & Games,4.05,4.6,4602.0,trends,2025-05-17 16:28:38
/Survivor-Exploding-Kittens-Official-Players/dp/B0DPLDTWW5/ref=zg_bsms_g_toys-and-games_d_sccl_6/144-4279524-5111233?psc=1,"Survivor: The Tribe Has Spoken by Exploding Kittens - The only Official Card Game for Survivor Fans - Family Party Game for Ages 8 and up - 3 to 6 Players - Great for Adults, Teens & Kids",$19.82,4.6 out of 5 stars,294,https://m.media-amazon.com/images/I/01jrA-8DXYL.gif,/Survivor-Exploding-Kittens-Official-Players/dp/B0DPLDTWW5/ref=zg_bsms_g_toys-and-games_d_sccl_6/144-4279524-5111233?psc=1,B0DPLDTWW5,Toys & Games,19.82,4.6,294.0,trends,2025-05-17 16:28:38
/Sunny-Days-Entertainment-Sidewalk-Outdoor/dp/B084SKWCBS/ref=zg_bsms_g_toys-and-games_d_sccl_7/144-4279524-5111233?psc=1,"Sunny Days Entertainment Sidewalk Chalk Set for Kids with Storage, Washable, Jumbo Colored Chalk for Outdoor Play and Chalkboard Art - Ages 3+ (20 Pieces, Multicolor)",$11.89,4.6 out of 5 stars,"1,285",https://m.media-amazon.com/images/I/01jrA-8DXYL.gif,/Sunny-Days-Entertainment-Sidewalk-Outdoor/dp/B084SKWCBS/ref=zg_bsms_g_toys-and-games_d_sccl_7/144-4279524-5111233?psc=1,B084SKWCBS,Toys & Games,11.89,4.6,1285.0,trends,2025-05-17 16:28:38
/JOYIN-Rainbow-Beach-Balls-Inflatable/dp/B07NWR7HKD/ref=zg_bsms_g_toys-and-games_d_sccl_8/144-4279524-5111233?psc=1,"JOYIN Rainbow Beach Balls(12 Pack), 12'' Inflatable Swimming Pool Toys for Summer Water Games Kids Birthday Party Supplies Combo Set Include Inflatable Beach Balls",$8.99,4.4 out of 5 stars,"2,123",https://m.media-amazon.com/images/I/01jrA-8DXYL.gif,/JOYIN-Rainbow-Beach-Balls-Inflatable/dp/B07NWR7HKD/ref=zg_bsms_g_toys-and-games_d_sccl_8/144-4279524-5111233?psc=1,B07NWR7HKD,Toys & Games,8.99,4.4,2123.0,trends,2025-05-17 16:28:38
/Kids-Rock-Painting-Kit-Activities/dp/B0BRNY9HZB/ref=zg_bsms_g_toys-and-games_d_sccl_9/144-4279524-5111233?psc=1,"Dan&Darci Kids Rock Painting Kit - Glow in The Dark - Arts & Crafts Gifts for Boys and Girls Ages 6-12 - Craft Activities Kits - Creative Art Toys for 6, 7, 8, 9, 10, 11 & 12 Year Old Kid",$9.99,4.7 out of 5 stars,"4,582",https://m.media-amazon.com/images/I/01jrA-8DXYL.gif,/Kids-Rock-Painting-Kit-Activities/dp/B0BRNY9HZB/ref=zg_bsms_g_toys-and-games_d_sccl_9/144-4279524-5111233?psc=1,B0BRNY9HZB,Toys & Games,9.99,4.7,4582.0,trends,2025-05-17 16:28:38
/LEGO-Classic-Medium-Creative-Brick/dp/B00NHQFA1I/ref=zg_bsms_g_toys-and-games_d_sccl_10/144-4279524-5111233?psc=1,"LEGO Classic Medium Creative Brick Box 10696 Building Toy Set - Featuring Storage, Includes Train, Car, and a Tiger Figure, and Playset for Kids, Boys, and Girls Ages 4-99",$40.02,4.8 out of 5 stars,"52,174",https://m.media-amazon.com/images/I/01jrA-8DXYL.gif,/LEGO-Classic-Medium-Creative-Brick/dp/B00NHQFA1I/ref=zg_bsms_g_toys-and-games_d_sccl_10/144-4279524-5111233?psc=1,B00NHQFA1I,Toys & Games,40.02,4.8,52174.0,trends,2025-05-17 16:28:38
/Pokemon-TCG-Authentic-Expansion-Holofoils/dp/B001DIJ48C/ref=zg_bsms_g_toys-and-games_d_sccl_11/144-4279524-5111233?psc=1,"Pokemon TCG Value Pack - 3 Random Booster Packs, 30 Cards Total. Chance at Rares & Holofoils.",$24.28-$29.99,4.3 out of 5 stars,"22,038",https://m.media-amazon.com/images/I/01jrA-8DXYL.gif,/Pokemon-TCG-Authentic-Expansion-Holofoils/dp/B001DIJ48C/ref=zg_bsms_g_toys-and-games_d_sccl_11/144-4279524-5111233?psc=1,B001DIJ48C,Toys & Games,24.28,4.3,22038.0,trends,2025-05-17 16:28:38
/Melissa-Doug-Activity-Collectible-Character/dp/B0CN1NC96B/ref=zg_bsms_g_toys-and-games_d_sccl_12/144-4279524-5111233?psc=1,"Melissa & Doug Sticker Wow!™ 24-Page Activity Pad and Sticker Stamper, 300 Stickers, Arts and Crafts Fidget Toy Collectible Character – Fox",$4.87-$8.44,4.4 out of 5 stars,534,https://m.media-amazon.com/images/I/01jrA-8DXYL.gif,/Melissa-Doug-Activity-Collectible-Character/dp/B0CN1NC96B/ref=zg_bsms_g_toys-and-games_d_sccl_12/144-4279524-5111233?psc=1,B0CN1NC96B,Toys & Games,4.87,4.4,534.0,trends,2025-05-17 16:28:38
/JOYIN-Pack-Monster-Truck-Toy/dp/B0CCCZSR4W/ref=zg_bsms_g_toys-and-games_d_sccl_13/144-4279524-5111233?psc=1,JOYIN 3 Pack Monster Truck Toy - Motion Activated Light-Up Cars for Toddlers - Monster Treads Lightning Wheels - Baby Toy Present - Press & Go Cars for Boys Girls Birthday Gifts Easter Basket Stuffer,$16.82,4.5 out of 5 stars,"2,889",https://m.media-amazon.com/images/I/01jrA-8DXYL.gif,/JOYIN-Pack-Monster-Truck-Toy/dp/B0CCCZSR4W/ref=zg_bsms_g_toys-and-games_d_sccl_13/144-4279524-5111233?psc=1,B0CCCZSR4W,Toys & Games,16.82,4.5,2889.0,trends,2025-05-17 16:28:38
/Monobeach-Princess-Playhouse-Children-Outdoor/dp/B0C4P25L13/ref=zg_bsms_g_toys-and-games_d_sccl_14/144-4279524-5111233?psc=1,Monobeach Princess Castle Play Tent for Girls - Large 55'' x 53'' Playhouse with Star Lights for Indoor and Outdoor Play,$39.99-$69.99,4.6 out of 5 stars,"30,487",https://m.media-amazon.com/images/I/01jrA-8DXYL.gif,/Monobeach-Princess-Playhouse-Children-Outdoor/dp/B0C4P25L13/ref=zg_bsms_g_toys-and-games_d_sccl_14/144-4279524-5111233?psc=1,B0C4P25L13,Toys & Games,39.99,4.6,30487.0,trends,2025-05-17 16:28:38
/QZYL-Kindergarten-Graduation-Certificate-Preschool/dp/B0BW3XNH2R/ref=zg_bsms_g_toys-and-games_d_sccl_15/144-4279524-5111233?psc=1,"QZYL Kindergarten Graduation Cap and Gown Set, Unisex Congrats Grad Outfit with Tassel & Certificate for Kindergarten",$19.99-$24.99,4.7 out of 5 stars,763,https://m.media-amazon.com/images/I/01jrA-8DXYL.gif,/QZYL-Kindergarten-Graduation-Certificate-Preschool/dp/B0BW3XNH2R/ref=zg_bsms_g_toys-and-games_d_sccl_15/144-4279524-5111233?psc=1,B0BW3XNH2R,Toys & Games,19.99,4.7,763.0,trends,2025-05-17 16:28:38
/Rapid-Filling-Self-Sealing-Bunches-Balloons-Sets/dp/B0CYR7Y95S/ref=zg_bsms_g_toys-and-games_d_sccl_16/144-4279524-5111233?psc=1,Rapid-Filling Self-Sealing Bunches of Balloons Sets (PUR1)…,$27.99,4.6 out of 5 stars,"18,387",https://m.media-amazon.com/images/I/01jrA-8DXYL.gif,/Rapid-Filling-Self-Sealing-Bunches-Balloons-Sets/dp/B0CYR7Y95S/ref=zg_bsms_g_toys-and-games_d_sccl_16/144-4279524-5111233?psc=1,B0CYR7Y95S,Toys & Games,27.99,4.6,18387.0,trends,2025-05-17 16:28:38
/Official-Collection-Combination-Charizard-Detective/dp/B0829FT44S/ref=zg_bsms_g_toys-and-games_d_sccl_17/144-4279524-5111233?psc=1,"50+ Official Pokemon Cards Collection with 5 Foils in Any Combination and at Least 1 Rarity, GX, EX, FA, Tag Team, Or Secret Rare",$7.58,4.4 out of 5 stars,"7,654",https://m.media-amazon.com/images/I/01jrA-8DXYL.gif,/Official-Collection-Combination-Charizard-Detective/dp/B0829FT44S/ref=zg_bsms_g_toys-and-games_d_sccl_17/144-4279524-5111233?psc=1,B0829FT44S,Toys & Games,7.58,4.4,7654.0,trends,2025-05-17 16:28:38
/SplashEZ-Outdoor-Toddlers-Backyard-Sprinkler/dp/B0BPYLXS2M/ref=zg_bsms_g_toys-and-games_d_sccl_18/144-4279524-5111233?psc=1,"SplashEZ 89’’ Extra Large Splash Pad for Kids & Dogs Great Outdoor Toys for Toddlers 1-3 & Kids Ages 4-8, Baby Pool for Backyard Sprinkler, Pool Plastic Dog Water Summer Toys",$29.99-$44.99,4.4 out of 5 stars,"27,537",https://m.media-amazon.com/images/I/01jrA-8DXYL.gif,/SplashEZ-Outdoor-Toddlers-Backyard-Sprinkler/dp/B0BPYLXS2M/ref=zg_bsms_g_toys-and-games_d_sccl_18/144-4279524-5111233?psc=1,B0BPYLXS2M,Toys & Games,29.99,4.4,27537.0,trends,2025-05-17 16:28:38
/LEGO-Sunflowers-Building-Artificial-Christmas/dp/B09PJ8ZZ1G/ref=zg_bsms_g_toys-and-games_d_sccl_19/144-4279524-5111233?psc=1,"LEGO Sunflowers Building Toy for Kids, Girls and Boys Ages 8+ - Artificial Sunflowers for Home Decor and Display - Birthday Gift Idea for Lovers of Plants & Flowers - 40524",$11.99,4.8 out of 5 stars,"7,257",https://m.media-amazon.com/images/I/01jrA-8DXYL.gif,/LEGO-Sunflowers-Building-Artificial-Christmas/dp/B09PJ8ZZ1G/ref=zg_bsms_g_toys-and-games_d_sccl_19/144-4279524-5111233?psc=1,B09PJ8ZZ1G,Toys & Games,11.99,4.8,7257.0,trends,2025-05-17 16:28:38
/Fisher-Price-FFC84-Babys-First-Blocks/dp/B01NCUSC7V/ref=zg_bsms_g_toys-and-games_d_sccl_20/144-4279524-5111233?psc=1,Fisher-Price Stacking Toy Baby's First Blocks Set of 10 Shapes for Sorting Play for Infants Ages 6+ Months,$9.99,4.8 out of 5 stars,"41,980",https://m.media-amazon.com/images/I/01jrA-8DXYL.gif,/Fisher-Price-FFC84-Babys-First-Blocks/dp/B01NCUSC7V/ref=zg_bsms_g_toys-and-games_d_sccl_20/144-4279524-5111233?psc=1,B01NCUSC7V,Toys & Games,9.99,4.8,41980.0,trends,2025-05-17 16:28:38
/LEGO-Minecraft-Illager-Figures-Playset/dp/B0DJ1748F2/ref=zg_bsms_g_toys-and-games_d_sccl_21/144-4279524-5111233?psc=1,"LEGO Minecraft The Illager Desert Patrol Toy Figures and Playset - Building Minecraft Toy for Kids, Boys and Girls, Ages 7+ - with 4 Figures for Pretend Play - Gift Idea for Birthdays - 21267",$14.99,4.8 out of 5 stars,294,https://m.media-amazon.com/images/I/01jrA-8DXYL.gif,/LEGO-Minecraft-Illager-Figures-Playset/dp/B0DJ1748F2/ref=zg_bsms_g_toys-and-games_d_sccl_21/144-4279524-5111233?psc=1,B0DJ1748F2,Toys & Games,14.99,4.8,294.0,trends,2025-05-17 16:28:38
/Toys-Ages-Large-Educational-Spray/dp/B0CGC5P9PQ/ref=zg_bsms_g_toys-and-games_d_sccl_22/144-4279524-5111233?psc=1,"Toys for Ages 2-4,Toys for 2 3 4 Year Old Boys,Large Size Educational Toy with Spray Mode - Perfect Toys for 2, 3, 4 Year Old Birthday Gift for Boys| 9 Light, Music, 45 Levels | Two-Player PK Mode",$28.48-$39.99,4.5 out of 5 stars,"3,725",https://m.media-amazon.com/images/I/01jrA-8DXYL.gif,/Toys-Ages-Large-Educational-Spray/dp/B0CGC5P9PQ/ref=zg_bsms_g_toys-and-games_d_sccl_22/144-4279524-5111233?psc=1,B0CGC5P9PQ,Toys & Games,28.48,4.5,3725.0,trends,2025-05-17 16:28:38
/TEKFUN-Writing-Tablet-Colorful-Drawing/dp/B085NDS2R8/ref=zg_bsms_g_toys-and-games_d_sccl_23/144-4279524-5111233?psc=1,"TEKFUN LCD Writing Tablet Doodle Board, 10inch Colorful Drawing Tablet Writing Pad, Kids Travel Essentials, Toddler Toys for 3 4 5 6 7 8 Year Old Girls Boys (Blue)",$13.99-$25.46,4.5 out of 5 stars,"28,868",https://m.media-amazon.com/images/I/01jrA-8DXYL.gif,/TEKFUN-Writing-Tablet-Colorful-Drawing/dp/B085NDS2R8/ref=zg_bsms_g_toys-and-games_d_sccl_23/144-4279524-5111233?psc=1,B085NDS2R8,Toys & Games,13.99,4.5,28868.0,trends,2025-05-17 16:28:38
/Bunch-Balloons-Rapid-Filling-Self-Sealing-Bunches/dp/B0C1XRZPM7/ref=zg_bsms_g_toys-and-games_d_sccl_24/144-4279524-5111233?psc=1,Bunch O Balloons Rapid-Filling Self-Sealing Bunches of Balloons Set - Value Set (DDY1004-4),$8.49-$59.99,4.5 out of 5 stars,"4,762",https://m.media-amazon.com/images/I/01jrA-8DXYL.gif,/Bunch-Balloons-Rapid-Filling-Self-Sealing-Bunches/dp/B0C1XRZPM7/ref=zg_bsms_g_toys-and-games_d_sccl_24/144-4279524-5111233?psc=1,B0C1XRZPM7,Toys & Games,8.49,4.5,4762.0,trends,2025-05-17 16:28:38
/Bubbles-Fubbles-Solution-Machines-12381/dp/B09TK9JGRH/ref=zg_bsms_g_toys-and-games_d_sccl_25/144-4279524-5111233?psc=1,"Little Kids Bubbles by Fubbles| Made in The USA |64oz Non Toxic Bubble Solution |Bubble Refill for Bubble Machines and Toys, Clear,12381",$10.95,4.6 out of 5 stars,"1,342",https://m.media-amazon.com/images/I/01jrA-8DXYL.gif,/Bubbles-Fubbles-Solution-Machines-12381/dp/B09TK9JGRH/ref=zg_bsms_g_toys-and-games_d_sccl_25/144-4279524-5111233?psc=1,B09TK9JGRH,Toys & Games,10.95,4.6,1342.0,trends,2025-05-17 16:28:38
/Playground-AI-Powered-Transforms-Not-Machine-Specific/dp/B0D2JGYX3F/ref=zg_bsms_g_toys-and-games_d_sccl_26/144-4279524-5111233?psc=1,"Nex Playground - The Active Play System for Kids & Families Where Indoor Physical Activity Meets Interactive Family Fun and is Great for Gaming Nights, Parties and Playdates",$199.00,4.7 out of 5 stars,Nex,https://m.media-amazon.com/images/I/01jrA-8DXYL.gif,/Playground-AI-Powered-Transforms-Not-Machine-Specific/dp/B0D2JGYX3F/ref=zg_bsms_g_toys-and-games_d_sccl_26/144-4279524-5111233?psc=1,B0D2JGYX3F,Toys & Games,199.0,4.7,,trends,2025-05-17 16:28:38
/Squishmallows-Medium-Plush-10-Inch-HugMees/dp/B0CN3QZBPN/ref=zg_bsms_g_toys-and-games_d_sccl_27/144-4279524-5111233?psc=1,Squishmallows Original Disney and Pixar’s 10-Inch Buzz Lightyear HugMees - Ultrasoft Official Jazwares Plush (Medium-Sized),$9.99-$30.00,4.8 out of 5 stars,"1,192",https://m.media-amazon.com/images/I/01jrA-8DXYL.gif,/Squishmallows-Medium-Plush-10-Inch-HugMees/dp/B0CN3QZBPN/ref=zg_bsms_g_toys-and-games_d_sccl_27/144-4279524-5111233?psc=1,B0CN3QZBPN,Toys & Games,9.99,4.8,1192.0,trends,2025-05-17 16:28:38
/JOYIN-Blaster-Swimming-Backyard-Fighting/dp/B08V51SGPG/ref=zg_bsms_g_toys-and-games_d_sccl_28/144-4279524-5111233?psc=1,"JOYIN 18 Pack 16.5'' Water Gun,Super Soaker Blaster Squirt Guns, Bulk Summer Outdoor Swimming Pool, Backyard, Beach Water Game Fighting Play Pool Toys",$24.98,4.5 out of 5 stars,866,https://m.media-amazon.com/images/I/01jrA-8DXYL.gif,/JOYIN-Blaster-Swimming-Backyard-Fighting/dp/B08V51SGPG/ref=zg_bsms_g_toys-and-games_d_sccl_28/144-4279524-5111233?psc=1,B08V51SGPG,Toys & Games,24.98,4.5,866.0,trends,2025-05-17 16:28:38
/John-Deere-Bubble-Bottle-Outdoor/dp/B0CQ3ZV1P5/ref=zg_bsms_g_toys-and-games_d_sccl_29/144-4279524-5111233?psc=1,"John Deere Bubble Can 24oz Bubble Bottle with Pouring Spout, Outdoor Summer Fun, Bubble Refill",$9.99-$49.99,4.4 out of 5 stars,96,https://m.media-amazon.com/images/I/01jrA-8DXYL.gif,/John-Deere-Bubble-Bottle-Outdoor/dp/B0CQ3ZV1P5/ref=zg_bsms_g_toys-and-games_d_sccl_29/144-4279524-5111233?psc=1,B0CQ3ZV1P5,Toys & Games,9.99,4.4,96.0,trends,2025-05-17 16:28:38
/Mibasies-Jewelry-Accessories-Presents-Rainbow1/dp/B0B55V32MY/ref=zg_bsms_g_toys-and-games_d_sccl_30/144-4279524-5111233?psc=1,mibasies Purse for Little Girls Dress Up Jewelry Pretend Play Kids Accessories Mermaid Gifts,$9.99-$17.99,4.4 out of 5 stars,"5,330",https://m.media-amazon.com/images/I/01jrA-8DXYL.gif,/Mibasies-Jewelry-Accessories-Presents-Rainbow1/dp/B0B55V32MY/ref=zg_bsms_g_toys-and-games_d_sccl_30/144-4279524-5111233?psc=1,B0B55V32MY,Toys & Games,9.99,4.4,5330.0,trends,2025-05-17 16:28:38
/Safer-Brand-SH502-Chemical-Insects/dp/B09T3T1FYN/ref=zg_bsms_g_home-garden_d_sccl_1/144-4279524-5111233?psc=1,"Safer Home Indoor Plug-In Fly Trap - SH502 - Effective Fruit Fly Traps for Indoors, Gnat Traps for House Indoor, 400 Sq Ft Protection - Style: 1 Device + 2 Glue Cards",$14.97-$27.95,4.2 out of 5 stars,"37,577",https://m.media-amazon.com/images/I/01jrA-8DXYL.gif,/Safer-Brand-SH502-Chemical-Insects/dp/B09T3T1FYN/ref=zg_bsms_g_home-garden_d_sccl_1/144-4279524-5111233?psc=1,B09T3T1FYN,Home & Kitchen,14.97,4.2,37577.0,trends,2025-05-17 16:28:38
/Diveblues-Portable-Handheld-Operated-Activities/dp/B0DRYJ3MG2/ref=zg_bsms_g_home-garden_d_sccl_2/144-4279524-5111233?psc=1,"Diveblues Portable Handheld Turbo Fan, 5 Gear Wind, Battery Operated, Up to 12 Working Hours, 3 IN 1 Hand Fan with Air Turbo Tech Cooling Fan for Outdoor Activities, Travel, Working",$19.99-$26.99,4.7 out of 5 stars,"1,236",https://m.media-amazon.com/images/I/01jrA-8DXYL.gif,/Diveblues-Portable-Handheld-Operated-Activities/dp/B0DRYJ3MG2/ref=zg_bsms_g_home-garden_d_sccl_2/144-4279524-5111233?psc=1,B0DRYJ3MG2,Home & Kitchen,19.99,4.7,1236.0,trends,2025-05-17 16:28:38
/Midea-EasyCool-Conditioner-Fan-Cools-Mechanical/dp/B085797ZFF/ref=zg_bsms_g_home-garden_d_sccl_3/144-4279524-5111233?psc=1,"Midea 5,000 BTU EasyCool Small Window Air Conditioner - Cool up to 150 Sq. Ft. with Easy-to-Use Mechanical Controls and Reusable Filter, Perfect for Small Bedroom, Living Room, Home Office",$156.99-$423.85,4.3 out of 5 stars,"11,997",https://m.media-amazon.com/images/I/01jrA-8DXYL.gif,/Midea-EasyCool-Conditioner-Fan-Cools-Mechanical/dp/B085797ZFF/ref=zg_bsms_g_home-garden_d_sccl_3/144-4279524-5111233?psc=1,B085797ZFF,Home & Kitchen,156.99,4.3,11997.0,trends,2025-05-17 16:28:38
/AmazonBasics-Digital-Alarm-Clock-Nightlight/dp/B07DQWT15Y/ref=zg_bsms_g_home-garden_d_sccl_4/144-4279524-5111233?psc=1,"Amazon Basics Small Digital Oval Alarm Clock With LED Display, Nightlight & Battery Backup, Black, 4.5 x 3.5 x 2.4 Inches",$6.29,4.4 out of 5 stars,"25,578",https://m.media-amazon.com/images/I/01jrA-8DXYL.gif,/AmazonBasics-Digital-Alarm-Clock-Nightlight/dp/B07DQWT15Y/ref=zg_bsms_g_home-garden_d_sccl_4/144-4279524-5111233?psc=1,B07DQWT15Y,Home & Kitchen,6.29,4.4,25578.0,trends,2025-05-17 16:28:38
/Land-Guard-Thickened-Nonwoven-Vegetables/dp/B0DRFCSMFZ/ref=zg_bsms_g_home-garden_d_sccl_5/144-4279524-5111233?psc=1,"Land Guard 4-Pack Fabric Grow Bags 5 Gallon, 300G Thickened Nonwoven Plant Grow Bags, Grow Pots for Plants, Growing Bags with Handles, Planting Bags for Vegetables, Black",$6.99-$26.99,4.3 out of 5 stars,614,https://m.media-amazon.com/images/I/01jrA-8DXYL.gif,/Land-Guard-Thickened-Nonwoven-Vegetables/dp/B0DRFCSMFZ/ref=zg_bsms_g_home-garden_d_sccl_5/144-4279524-5111233?psc=1,B0DRFCSMFZ,Home & Kitchen,6.99,4.3,614.0,trends,2025-05-17 16:28:38
/Owala-Insulation-Stainless-Resistant-Dishwasher/dp/B0CR5HLCVQ/ref=zg_bsms_g_home-garden_d_sccl_6/144-4279524-5111233?psc=1,"Owala Kids Insulation Stainless Steel Tumbler with Spill Resistant Flexible Straw, Easy to Clean, Kids Water Bottle, Great for Travel, Dishwasher Safe, 12 Oz, Blue and Light Green (Turtley Awesome)",$17.63-$34.02,4.5 out of 5 stars,"2,050",https://m.media-amazon.com/images/I/01jrA-8DXYL.gif,/Owala-Insulation-Stainless-Resistant-Dishwasher/dp/B0CR5HLCVQ/ref=zg_bsms_g_home-garden_d_sccl_6/144-4279524-5111233?psc=1,B0CR5HLCVQ,Home & Kitchen,17.63,4.5,2050.0,trends,2025-05-17 16:28:38
/AreShark-Umbrella-Outdoor-Umbrellas-Backyard/dp/B0DPC6ZWZ3/ref=zg_bsms_g_home-garden_d_sccl_7/144-4279524-5111233?psc=1,"AreShark 9 FT Patio Umbrella for Outdoor, Outdoor Umbrella with Push Button Tilt and Crank, Outdoor Patio Umbrellas with 8 Sturdy Ribs for Market, Garden, Deck, Backyard, Pool (Apple Green)",$39.99,4.6 out of 5 stars,183,https://m.media-amazon.com/images/I/01jrA-8DXYL.gif,/AreShark-Umbrella-Outdoor-Umbrellas-Backyard/dp/B0DPC6ZWZ3/ref=zg_bsms_g_home-garden_d_sccl_7/144-4279524-5111233?psc=1,B0DPC6ZWZ3,Home & Kitchen,39.99,4.6,183.0,trends,2025-05-17 16:28:38
/Frigidaire-FHWC054TE1-Conditioner-Electronic-Controls/dp/B0CFYH7T1P/ref=zg_bsms_g_home-garden_d_sccl_8/144-4279524-5111233?psc=1,"Frigidaire 5,000 BTU Window Air Conditioner with Remote Control, Cools Up to 150 Sq. Ft., Quiet Operation, Eco Mode, 3 Fan Speeds, Auto Restart, White",$188.47,4.4 out of 5 stars,"16,838",https://m.media-amazon.com/images/I/01jrA-8DXYL.gif,/Frigidaire-FHWC054TE1-Conditioner-Electronic-Controls/dp/B0CFYH7T1P/ref=zg_bsms_g_home-garden_d_sccl_8/144-4279524-5111233?psc=1,B0CFYH7T1P,Home & Kitchen,188.47,4.4,16838.0,trends,2025-05-17 16:28:38
/Hilife-Steamer-Handheld-Clothing-Capacity/dp/B07HF3X6Y4/ref=zg_bsms_g_home-garden_d_sccl_9/144-4279524-5111233?psc=1,"HiLIFE Steamer for Clothes, Portable Handheld Design, 240ml Big Capacity, 700W, Strong Penetrating Steam, Removes Wrinkle, for Home, Office(ONLY FOR 120V)",$29.44-$45.99,4.2 out of 5 stars,"120,712",https://m.media-amazon.com/images/I/01jrA-8DXYL.gif,/Hilife-Steamer-Handheld-Clothing-Capacity/dp/B07HF3X6Y4/ref=zg_bsms_g_home-garden_d_sccl_9/144-4279524-5111233?psc=1,B07HF3X6Y4,Home & Kitchen,29.44,4.2,120712.0,trends,2025-05-17 16:28:38
/AmazonBasics-Adjustable-Oscillating-Standing-Pedestal/dp/B07BNGPWT4/ref=zg_bsms_g_home-garden_d_sccl_10/144-4279524-5111233?psc=1,"Amazon Basics 16"" Pedestal Fan with Remote, Floor Fan, Standing Fan for Bedroom, Living Room, Office, with 3 Speeds, 3 Modes, Timer, Dual-Layered Blades, Adjustable Height, Tilt Head, 60W, Black",$39.99,4.5 out of 5 stars,"36,237",https://m.media-amazon.com/images/I/01jrA-8DXYL.gif,/AmazonBasics-Adjustable-Oscillating-Standing-Pedestal/dp/B07BNGPWT4/ref=zg_bsms_g_home-garden_d_sccl_10/144-4279524-5111233?psc=1,B07BNGPWT4,Home & Kitchen,39.99,4.5,36237.0,trends,2025-05-17 16:28:38
/Twin-Size-Sheet-Set-Breathable/dp/B01LZW4IK4/ref=zg_bsms_g_home-garden_d_sccl_11/144-4279524-5111233?psc=1,"Twin Size 3 Piece Sheet Set - Comfy Breathable & Cooling Bed Sheets Set - Hotel Luxury Bedding for Women, Men, Kids & Teens - Deep Pockets, Easy Secure Fit, Soft and Wrinkle Free - Oeko-Tex - White",$27.99-$39.99,4.4 out of 5 stars,"379,436",https://m.media-amazon.com/images/I/01jrA-8DXYL.gif,/Twin-Size-Sheet-Set-Breathable/dp/B01LZW4IK4/ref=zg_bsms_g_home-garden_d_sccl_11/144-4279524-5111233?psc=1,B01LZW4IK4,Home & Kitchen,27.99,4.4,379436.0,trends,2025-05-17 16:28:38
/Dreo-Velocity-Oscillating-Bladeless-DR-HTF007/dp/B09MKPDJRT/ref=zg_bsms_g_home-garden_d_sccl_12/144-4279524-5111233?psc=1,"Dreo Tower Fan for Bedroom, 25ft/s Velocity 28dB Quiet Floor Fan, 90° Oscillating Fans for Indoors with 4 Speeds, 4 Modes, 8H Timer, Bladeless Standing Fan, Black, Nomad One (DR-HTF007)",$69.99-$123.98,4.6 out of 5 stars,"34,892",https://m.media-amazon.com/images/I/01jrA-8DXYL.gif,/Dreo-Velocity-Oscillating-Bladeless-DR-HTF007/dp/B09MKPDJRT/ref=zg_bsms_g_home-garden_d_sccl_12/144-4279524-5111233?psc=1,B09MKPDJRT,Home & Kitchen,69.99,4.6,34892.0,trends,2025-05-17 16:28:38
/Lasko-3300-Machine-Energy-Efficient-Speeds/dp/B00002N5ZB/ref=zg_bsms_g_home-garden_d_sccl_13/144-4279524-5111233?psc=1,"Lasko Wind Machine Air Circulator Floor Fan, 3 Speeds, Pivoting Head for Large Spaces, 20"", Gray, 3300",$39.97,4.5 out of 5 stars,"15,966",https://m.media-amazon.com/images/I/01jrA-8DXYL.gif,/Lasko-3300-Machine-Energy-Efficient-Speeds/dp/B00002N5ZB/ref=zg_bsms_g_home-garden_d_sccl_13/144-4279524-5111233?psc=1,B00002N5ZB,Home & Kitchen,39.97,4.5,15966.0,trends,2025-05-17 16:28:38
/AMMZO-Thermometer-Grilling-Waterproof-Backlight/dp/B09C32DYV1/ref=zg_bsms_g_home-garden_d_sccl_14/144-4279524-5111233?psc=1,"AMMZO Meat Thermometer Digital, Instant Read Food Thermometer - Waterproof w/Backlight for Cooking Deep Fry BBQ Grill Smoker Roast and Candy Thermometer, Camping & Kitchen Essentials",$13.48,4.6 out of 5 stars,"5,764",https://m.media-amazon.com/images/I/01jrA-8DXYL.gif,/AMMZO-Thermometer-Grilling-Waterproof-Backlight/dp/B09C32DYV1/ref=zg_bsms_g_home-garden_d_sccl_14/144-4279524-5111233?psc=1,B09C32DYV1,Home & Kitchen,13.48,4.6,5764.0,trends,2025-05-17 16:28:38
/Comfort-Zone-Auto-Locking-Expanders-Removeable/dp/B0DS6LJ6WZ/ref=zg_bsms_g_home-garden_d_sccl_15/144-4279524-5111233?psc=1,"Comfort Zone Window Fan for Bedroom, 9 inch 3 Speed Dual Fans with Auto-Locking Expanders, Window Exhaust Fan, Removeable Bug Screen, Black",$42.85,4.2 out of 5 stars,"28,667",https://m.media-amazon.com/images/I/01jrA-8DXYL.gif,/Comfort-Zone-Auto-Locking-Expanders-Removeable/dp/B0DS6LJ6WZ/ref=zg_bsms_g_home-garden_d_sccl_15/144-4279524-5111233?psc=1,B0DS6LJ6WZ,Home & Kitchen,42.85,4.2,28667.0,trends,2025-05-17 16:28:38
/Flying-Insect-Refills-Indoor-Light/dp/B0F8N21MP5/ref=zg_bsms_g_home-garden_d_sccl_16/144-4279524-5111233?psc=1,"Zevo Flying Insect Refills for Indoor Light Trap: Light Trap Refill Cartridges Capture Fruit Flies, Gnats and Houseflies (2 Refill Cartridges)",$14.99-$49.26,4.8 out of 5 stars,"16,569",https://m.media-amazon.com/images/I/01jrA-8DXYL.gif,/Flying-Insect-Refills-Indoor-Light/dp/B0F8N21MP5/ref=zg_bsms_g_home-garden_d_sccl_16/144-4279524-5111233?psc=1,B0F8N21MP5,Home & Kitchen,14.99,4.8,16569.0,trends,2025-05-17 16:28:38
/Utopia-Bedding-Twin-Fitted-Sheets/dp/B0C8JJ32RP/ref=zg_bsms_g_home-garden_d_sccl_17/144-4279524-5111233?psc=1,"Utopia Bedding Twin Fitted Sheets - Bulk Pack of 2 Bottom Sheets - Soft Brushed Microfiber - Deep Pockets - Shrinkage & Fade Resistant - Easy Care (Twin, Beige)",$20.99,4.6 out of 5 stars,"111,176",https://m.media-amazon.com/images/I/01jrA-8DXYL.gif,/Utopia-Bedding-Twin-Fitted-Sheets/dp/B0C8JJ32RP/ref=zg_bsms_g_home-garden_d_sccl_17/144-4279524-5111233?psc=1,B0C8JJ32RP,Home & Kitchen,20.99,4.6,111176.0,trends,2025-05-17 16:28:38
/gorilla-grip-manual-can-opener/dp/B09NXGFSSB/ref=zg_bsms_g_home-garden_d_sccl_18/144-4279524-5111233?psc=1,"The Original GORILLA GRIP Heavy Duty Stainless Steel Smooth Edge Manual Can Opener and Bottle Openers, Soft Ergonomic Handle, Oversized Handheld Easy Turn Knob, Multifunctional Kitchen Tool, Almond",$9.99-$17.94,4.4 out of 5 stars,"25,823",https://m.media-amazon.com/images/I/01jrA-8DXYL.gif,/gorilla-grip-manual-can-opener/dp/B09NXGFSSB/ref=zg_bsms_g_home-garden_d_sccl_18/144-4279524-5111233?psc=1,B09NXGFSSB,Home & Kitchen,9.99,4.4,25823.0,trends,2025-05-17 16:28:38
/WORX-WG928-Turbine-Charger-Included/dp/B08747N388/ref=zg_bsms_g_home-garden_d_sccl_19/144-4279524-5111233?psc=1,"Worx 20V String Trimmer Cordless & Edger 3.0 + Leaf Blower Cordless with Battery and Charger Turbine, Black and Orange",$69.99-$147.99,4.4 out of 5 stars,"31,363",https://m.media-amazon.com/images/I/01jrA-8DXYL.gif,/WORX-WG928-Turbine-Charger-Included/dp/B08747N388/ref=zg_bsms_g_home-garden_d_sccl_19/144-4279524-5111233?psc=1,B08747N388,Home & Kitchen,69.99,4.4,31363.0,trends,2025-05-17 16:28:38
/Honeywell-HT-900-TurboForce-Circulator-Black/dp/B001R1RXUG/ref=zg_bsms_g_home-garden_d_sccl_20/144-4279524-5111233?psc=1,"Honeywell Turboforce Fan, Ht-900, 11 inch",$16.89-$125.95,4.6 out of 5 stars,"123,352",https://m.media-amazon.com/images/I/01jrA-8DXYL.gif,/Honeywell-HT-900-TurboForce-Circulator-Black/dp/B001R1RXUG/ref=zg_bsms_g_home-garden_d_sccl_20/144-4279524-5111233?psc=1,B001R1RXUG,Home & Kitchen,16.89,4.6,123352.0,trends,2025-05-17 16:28:38
/GOOTOP-Mosquito-Zapper-Outdoor-Electric/dp/B09PQF39PG/ref=zg_bsms_g_home-garden_d_sccl_21/144-4279524-5111233?psc=1,"GOOTOP Bug Zapper Outdoor, Mosquito Zapper, Electric Fly Zapper, Mosquito Killer, Fly Traps, 3 Prong Plug, Flying Insects Zapper Indoor Outdoor 90-130V, 4200V, ABS Plastic Outer (Black)",$39.98,4.4 out of 5 stars,"19,777",https://m.media-amazon.com/images/I/01jrA-8DXYL.gif,/GOOTOP-Mosquito-Zapper-Outdoor-Electric/dp/B09PQF39PG/ref=zg_bsms_g_home-garden_d_sccl_21/144-4279524-5111233?psc=1,B09PQF39PG,Home & Kitchen,39.98,4.4,19777.0,trends,2025-05-17 16:28:38
/Summit-responsible-solutions-110-12-Mosquito/dp/B0000AH849/ref=zg_bsms_g_home-garden_d_sccl_22/144-4279524-5111233?psc=1,"Summit...responsible solutions 110-12 Mosquito Dunks, 6-Pack",$7.75,4.4 out of 5 stars,"22,374",https://m.media-amazon.com/images/I/01jrA-8DXYL.gif,/Summit-responsible-solutions-110-12-Mosquito/dp/B0000AH849/ref=zg_bsms_g_home-garden_d_sccl_22/144-4279524-5111233?psc=1,B0000AH849,Home & Kitchen,7.75,4.4,22374.0,trends,2025-05-17 16:28:38
/SUMMIT-CHEMICAL-117-6-30OZ-Mosquito/dp/B0001AUF8G/ref=zg_bsms_g_home-garden_d_sccl_23/144-4279524-5111233?psc=1,SUMMIT CHEMICAL CO 117-6 30OZ Mosquito Bits,$14.69,4.4 out of 5 stars,"32,036",https://m.media-amazon.com/images/I/01jrA-8DXYL.gif,/SUMMIT-CHEMICAL-117-6-30OZ-Mosquito/dp/B0001AUF8G/ref=zg_bsms_g_home-garden_d_sccl_23/144-4279524-5111233?psc=1,B0001AUF8G,Home & Kitchen,14.69,4.4,32036.0,trends,2025-05-17 16:28:38
/FrSara-Portable-Bladeless-Rechargeable-Ultra-Quiet/dp/B0BLRRPQJW/ref=zg_bsms_g_home-garden_d_sccl_24/144-4279524-5111233?psc=1,"FrSara Bladeless Portable Neck Fan, 5200mAh, 3-Speed, 360° Surround Wind, Ultra-Quiet, USB Rechargeable, Wearable Portable Fan, Avocado Green",$33.99-$36.99,4.4 out of 5 stars,"16,635",https://m.media-amazon.com/images/I/01jrA-8DXYL.gif,/FrSara-Portable-Bladeless-Rechargeable-Ultra-Quiet/dp/B0BLRRPQJW/ref=zg_bsms_g_home-garden_d_sccl_24/144-4279524-5111233?psc=1,B0BLRRPQJW,Home & Kitchen,33.99,4.4,16635.0,trends,2025-05-17 16:28:38
/PetOde-Compatible-Vacuum-Hose-Attachment/dp/B0CQY6MPNG/ref=zg_bsms_g_home-garden_d_sccl_25/144-4279524-5111233?psc=1,"PetOde 2 Pieces Dryer Vent Cleaner Kit Compatible with All Vacuum Cleaner, Dryer Lint Brush and Vacuum Hose Attachment with Stretch Universal Connector, Quickly Lint Remover",$7.99-$12.99,4.5 out of 5 stars,"4,249",https://m.media-amazon.com/images/I/01jrA-8DXYL.gif,/PetOde-Compatible-Vacuum-Hose-Attachment/dp/B0CQY6MPNG/ref=zg_bsms_g_home-garden_d_sccl_25/144-4279524-5111233?psc=1,B0CQY6MPNG,Home & Kitchen,7.99,4.5,4249.0,trends,2025-05-17 16:28:38
/JISULIFE-Handheld-Rechargeable-Flashlight-Portable/dp/B0CWP97PQB/ref=zg_bsms_g_home-garden_d_sccl_26/144-4279524-5111233?psc=1,"JISULIFE Handheld Mini Fan, 3 IN 1 USB Rechargeable Portable Fan [12-19 Working Hours] with Power Bank, Flashlight, Pocket Design for Travel/Summer/Concerts/Lash, Gifts for Women (Black)",$14.99-$19.99,4.6 out of 5 stars,"69,417",https://m.media-amazon.com/images/I/01jrA-8DXYL.gif,/JISULIFE-Handheld-Rechargeable-Flashlight-Portable/dp/B0CWP97PQB/ref=zg_bsms_g_home-garden_d_sccl_26/144-4279524-5111233?psc=1,B0CWP97PQB,Home & Kitchen,14.99,4.6,69417.0,trends,2025-05-17 16:28:38
/Bissell-Multi-Purpose-Portable-Upholstery-1400B/dp/B0016HF5GK/ref=zg_bsms_g_home-garden_d_sccl_27/144-4279524-5111233?psc=1,"BISSELL Little Green Multi-Purpose Portable Carpet and Upholstery Cleaner, Car and Auto Detailer, with Exclusive Specialty Tools, Green, 1400B",$109.98-$210.98,4.4 out of 5 stars,"96,364",https://m.media-amazon.com/images/I/01jrA-8DXYL.gif,/Bissell-Multi-Purpose-Portable-Upholstery-1400B/dp/B0016HF5GK/ref=zg_bsms_g_home-garden_d_sccl_27/144-4279524-5111233?psc=1,B0016HF5GK,Home & Kitchen,109.98,4.4,96364.0,trends,2025-05-17 16:28:38
/Thermacell-E55S-Rechargeable-Mosquito-Repeller/dp/B0BFFPM912/ref=zg_bsms_g_home-garden_d_sccl_28/144-4279524-5111233?psc=1,Thermacell E-Series Rechargeable Mosquito Repeller with 20’ Mosquito Protection Zone; Bug Spray Alternative; Scent Free,$51.68-$125.98,4.0 out of 5 stars,"22,038",https://m.media-amazon.com/images/I/01jrA-8DXYL.gif,/Thermacell-E55S-Rechargeable-Mosquito-Repeller/dp/B0BFFPM912/ref=zg_bsms_g_home-garden_d_sccl_28/144-4279524-5111233?psc=1,B0BFFPM912,Home & Kitchen,51.68,4.0,22038.0,trends,2025-05-17 16:28:38
/AMOAMI-Upgraded-Absorbent-Bathroom-Washable/dp/B0DPH22QBJ/ref=zg_bsms_g_home-garden_d_sccl_29/144-4279524-5111233?psc=1,"AMOAMI Upgraded Waffle Runner Rug Super Absorbent Non Slip Bath Mats for Bathroom Machine Washable Bathroom Runner Rug with Tassels, Ideal for Hallway Bedroom Laundry Room, 2'x 4'(24"" x 48""), Black",$18.99-$52.99,4.0 out of 5 stars,"2,835",https://m.media-amazon.com/images/I/01jrA-8DXYL.gif,/AMOAMI-Upgraded-Absorbent-Bathroom-Washable/dp/B0DPH22QBJ/ref=zg_bsms_g_home-garden_d_sccl_29/144-4279524-5111233?psc=1,B0DPH22QBJ,Home & Kitchen,18.99,4.0,2835.0,trends,2025-05-17 16:28:38
/LiBa-Mildew-Resistant-Anti-Microbial-Curtain/dp/B0829F1BD6/ref=zg_bsms_g_home-garden_d_sccl_30/144-4279524-5111233?psc=1,LiBa Bathroom Shower Curtain - Waterproof Plastic Shower Curtain Premium PEVA Non-Toxic with Rust Proof Grommets Clear 8G Heavy Duty Bathroom Accessories 36x72,$8.47-$18.99,4.5 out of 5 stars,"247,362",https://m.media-amazon.com/images/I/01jrA-8DXYL.gif,/LiBa-Mildew-Resistant-Anti-Microbial-Curtain/dp/B0829F1BD6/ref=zg_bsms_g_home-garden_d_sccl_30/144-4279524-5111233?psc=1,B0829F1BD6,Home & Kitchen,8.47,4.5,247362.0,trends,2025-05-17 16:28:38
